timestamp,origen,destino,fecha_ida,fecha_vuelta,aerolinea,precio_raw,precio_usd,duracion,source
2026-06-03 01:59:53,SCL,BKK,2026-10-09,2026-10-23,LATAM,"1,392",1392,32h 55m,Google Flights
2026-06-03 01:59:53,SCL,BKK,2026-10-09,2026-10-23,LATAM,"1,128",1128,32h 40m,Google Flights
2026-06-03 01:59:53,SCL,BKK,2026-10-09,2026-10-23,Air France,"1,269",1269,37h 20m / 10h 45m,Google Flights
2026-06-03 01:59:53,SCL,BKK,2026-10-09,2026-10-23,LATAM,"1,444",1444,32h 35m,Google Flights
2026-06-03 01:59:53,SCL,BKK,2026-10-09,2026-10-23,Air France,"1,413",1413,37h 35m,Google Flights
2026-06-03 01:59:53,SCL,BKK,2026-10-09,2026-10-23,LATAM,"1,476",1476,32h 25m,Google Flights
2026-06-03 01:59:53,SCL,BKK,2026-10-09,2026-10-23,LATAM,"1,118",1118,31h 55m,Google Flights
2026-06-03 01:59:53,SCL,BKK,2026-10-09,2026-10-23,LATAM,"1,316",1316,33h 45m,Google Flights
2026-06-03 01:59:53,SCL,BKK,2026-10-09,2026-10-23,Turkish Airlines,"1,212",1212,31h 55m,Google Flights
2026-06-03 01:59:53,SCL,BKK,2026-10-09,2026-10-23,LATAM,"1,084",1084,29h 5m / 3h 0m,Google Flights
2026-06-03 01:59:53,SCL,BKK,2026-10-09,2026-10-23,LATAM,"1,111",1111,30h 15m,Google Flights
2026-06-03 01:59:53,SCL,BKK,2026-10-09,2026-10-23,LATAM,"1,074",1074,32h 45m / 7h 45m,Google Flights
2026-06-03 01:59:53,SCL,BKK,2026-10-09,2026-10-23,Qatar,"1,674",1674,34h 55m,Google Flights
2026-06-03 01:59:53,SCL,BKK,2026-10-09,2026-10-23,LATAM,"1,392",1392,32h 55m / 32h 55m,Google Flights
2026-06-03 01:59:53,SCL,BKK,2026-10-09,2026-10-23,LATAM,"1,128",1128,32h 40m / 32h 40m,Google Flights
2026-06-03 01:59:53,SCL,BKK,2026-10-09,2026-10-23,Air France,"1,269",1269,37h 20m / 10h 45m / 37h 20m,Google Flights
2026-06-03 01:59:53,SCL,BKK,2026-10-09,2026-10-23,LATAM,"1,444",1444,32h 35m / 32h 35m,Google Flights
2026-06-03 01:59:53,SCL,BKK,2026-10-09,2026-10-23,Air France,"1,413",1413,37h 35m / 37h 35m,Google Flights
2026-06-03 01:59:53,SCL,BKK,2026-10-09,2026-10-23,LATAM,"1,476",1476,32h 25m / 4h 35m / 32h 25m,Google Flights
2026-06-03 01:59:53,SCL,BKK,2026-10-09,2026-10-23,LATAM,"1,118",1118,31h 55m / 31h 55m,Google Flights
2026-06-03 01:59:53,SCL,BKK,2026-10-09,2026-10-23,LATAM,"1,316",1316,33h 45m / 33h 45m,Google Flights
2026-06-03 01:59:53,SCL,BKK,2026-10-09,2026-10-23,Turkish Airlines,"1,212",1212,31h 55m / 31h 55m,Google Flights
2026-06-03 01:59:53,SCL,BKK,2026-10-09,2026-10-23,LATAM,"1,084",1084,29h 5m / 3h 0m / 29h 5m,Google Flights
2026-06-03 01:59:53,SCL,BKK,2026-10-09,2026-10-23,LATAM,"1,111",1111,30h 15m / 30h 15m,Google Flights
2026-06-03 01:59:53,SCL,BKK,2026-10-09,2026-10-23,LATAM,"1,074",1074,32h 45m / 7h 45m / 32h 45m,Google Flights
2026-06-03 01:59:53,SCL,BKK,2026-10-09,2026-10-23,Qatar,"1,674",1674,34h 55m / 34h 55m,Google Flights
2026-06-03 01:59:53,SCL,BKK,2026-10-09,2026-10-23,LATAM,$1.640,1640,10h 25m / 2h 35m / 39h 45m / 8h 0m / 4h 40m / 43h 20m,Kayak
2026-06-03 01:59:53,SCL,BKK,2026-10-09,2026-10-23,LATAM,$1.640,1640,10h 25m / 2h 35m / 39h 45m / 1h 40m / 11h 0m / 43h 20m,Kayak
2026-06-03 01:59:53,SCL,BKK,2026-10-09,2026-10-23,LATAM,$1.640,1640,3h 45m / 9h 50m / 39h 45m / 1h 40m / 11h 0m / 43h 20m,Kayak
2026-06-03 01:59:53,SCL,BKK,2026-10-09,2026-10-23,LATAM,$1.640,1640,3h 45m / 9h 50m / 39h 45m / 8h 0m / 4h 40m / 43h 20m,Kayak
2026-06-03 01:59:53,SCL,BKK,2026-10-09,2026-10-23,LATAM,$1.640,1640,10h 25m / 3h 10m / 39h 45m / 1h 40m / 11h 0m / 43h 20m,Kayak
2026-06-03 01:59:53,SCL,BKK,2026-10-09,2026-10-23,LATAM,$1.640,1640,10h 25m / 3h 10m / 39h 45m / 8h 0m / 4h 40m / 43h 20m,Kayak
2026-06-03 01:59:53,SCL,BKK,2026-10-09,2026-10-23,LATAM,$1.640,1640,10h 25m / 2h 35m / 39h 45m / 2h 40m / 11h 0m / 44h 25m,Kayak
2026-06-03 01:59:53,SCL,BKK,2026-10-09,2026-10-23,LATAM,$1.640,1640,3h 45m / 9h 50m / 39h 45m / 9h 0m / 4h 40m / 44h 25m,Kayak
2026-06-03 01:59:53,SCL,BKK,2026-10-09,2026-10-23,LATAM,$1.640,1640,3h 45m / 9h 50m / 39h 45m / 2h 40m / 11h 0m / 44h 25m,Kayak
2026-06-03 01:59:53,SCL,BKK,2026-10-09,2026-10-23,LATAM,$1.640,1640,10h 25m / 3h 10m / 39h 45m / 9h 0m / 4h 40m / 44h 25m,Kayak
2026-06-03 01:59:53,SCL,BKK,2026-10-09,2026-10-23,LATAM,$1.640,1640,10h 25m / 3h 10m / 39h 45m / 2h 40m / 11h 0m / 44h 25m,Kayak
2026-06-03 01:59:53,SCL,BKK,2026-10-09,2026-10-23,LATAM,$1.640,1640,10h 25m / 2h 35m / 39h 45m / 9h 0m / 4h 40m / 44h 25m,Kayak
2026-06-03 01:59:53,SCL,BKK,2026-10-09,2026-10-23,LATAM,$1.642,1642,10h 25m / 2h 35m / 39h 45m / 2h 0m / 4h 40m / 37h 25m,Kayak
2026-06-03 01:59:53,SCL,BKK,2026-10-09,2026-10-23,LATAM,$1.642,1642,10h 25m / 3h 10m / 39h 45m / 2h 0m / 4h 40m / 37h 25m,Kayak
2026-06-03 01:59:53,SCL,BKK,2026-10-09,2026-10-23,LATAM,$1.642,1642,3h 45m / 9h 50m / 39h 45m / 2h 0m / 4h 40m / 37h 25m,Kayak
2026-06-03 01:59:53,SCL,BKK,2026-10-09,2026-10-23,LATAM,$1.689,1689,10h 25m / 2h 35m / 39h 45m / 1h 45m / 1h 30m / 28h 20m,Kayak
2026-06-03 01:59:53,SCL,BKK,2026-10-09,2026-10-23,LATAM,$1.689,1689,10h 25m / 3h 10m / 39h 45m / 1h 45m / 1h 30m / 28h 20m,Kayak
2026-06-03 01:59:53,SCL,BKK,2026-10-09,2026-10-23,LATAM,$1.689,1689,3h 45m / 9h 50m / 39h 45m / 1h 45m / 1h 30m / 28h 20m,Kayak
2026-06-03 01:59:53,SCL,BKK,2026-10-09,2026-10-23,Qatar,$1.691,1691,10h 25m / 2h 35m / 39h 45m / 3h 5m / 1h 35m / 32h 15m,Kayak
2026-06-03 01:59:53,SCL,BKK,2026-10-09,2026-10-23,Qatar,$1.691,1691,3h 45m / 9h 50m / 39h 45m / 3h 5m / 1h 35m / 32h 15m,Kayak
2026-06-03 01:59:53,SCL,BKK,2026-10-09,2026-10-23,Qatar,$1.691,1691,10h 25m / 3h 10m / 39h 45m / 3h 5m / 1h 35m / 32h 15m,Kayak
2026-06-03 01:59:53,SCL,BKK,2026-10-09,2026-10-23,Qatar,$1.693,1693,10h 25m / 3h 10m / 39h 45m / 7h 35m / 1h 35m / 36h 50m,Kayak
2026-06-03 01:59:53,SCL,BKK,2026-10-09,2026-10-23,Qatar,$1.693,1693,10h 25m / 2h 35m / 39h 45m / 7h 35m / 1h 35m / 36h 50m,Kayak
2026-06-03 01:59:53,SCL,BKK,2026-10-09,2026-10-23,Qatar,$1.693,1693,3h 45m / 9h 50m / 39h 45m / 7h 35m / 1h 35m / 36h 50m,Kayak
2026-06-03 01:59:53,SCL,BKK,2026-10-09,2026-10-23,LATAM,$1.693,1693,10h 25m / 2h 35m / 39h 45m / 2h 45m / 1h 30m / 29h 25m,Kayak
2026-06-03 01:59:53,SCL,BKK,2026-10-09,2026-10-23,LATAM,$1.693,1693,10h 25m / 3h 10m / 39h 45m / 2h 45m / 1h 30m / 29h 25m,Kayak
2026-06-03 01:59:53,SCL,BKK,2026-10-09,2026-10-23,LATAM,$1.693,1693,3h 45m / 9h 50m / 39h 45m / 2h 45m / 1h 30m / 29h 25m,Kayak
2026-06-03 01:59:53,SCL,BKK,2026-10-09,2026-10-23,LATAM,$1.693,1693,10h 25m / 2h 35m / 39h 45m / 1h 45m / 3h 35m / 30h 25m,Kayak
2026-06-03 01:59:53,SCL,BKK,2026-10-09,2026-10-23,LATAM,$1.693,1693,3h 45m / 9h 50m / 39h 45m / 1h 45m / 3h 35m / 30h 25m,Kayak
2026-06-03 01:59:53,SCL,BKK,2026-10-09,2026-10-23,LATAM,$1.693,1693,10h 25m / 3h 10m / 39h 45m / 1h 45m / 3h 35m / 30h 25m,Kayak
2026-06-03 01:59:53,SCL,BKK,2026-10-09,2026-10-23,LATAM,$1.693,1693,10h 25m / 3h 10m / 39h 45m / 1h 45m / 4h 20m / 31h 10m,Kayak
2026-06-03 01:59:53,SCL,BKK,2026-10-09,2026-10-23,LATAM,$1.693,1693,3h 45m / 9h 50m / 39h 45m / 1h 45m / 4h 20m / 31h 10m,Kayak
2026-06-03 01:59:53,SCL,BKK,2026-10-09,2026-10-23,LATAM,$1.693,1693,10h 25m / 2h 35m / 39h 45m / 1h 45m / 4h 20m / 31h 10m,Kayak
2026-06-03 01:59:53,SCL,BKK,2026-10-09,2026-10-23,LATAM,$1.693,1693,10h 25m / 3h 10m / 39h 45m / 2h 45m / 3h 35m / 31h 30m,Kayak
2026-06-03 01:59:53,SCL,BKK,2026-10-09,2026-10-23,LATAM,$1.693,1693,3h 45m / 9h 50m / 39h 45m / 2h 45m / 3h 35m / 31h 30m,Kayak
2026-06-03 01:59:53,SCL,BKK,2026-10-09,2026-10-23,LATAM,$1.693,1693,10h 25m / 2h 35m / 39h 45m / 2h 45m / 3h 35m / 31h 30m,Kayak
2026-06-03 01:59:53,SCL,BKK,2026-10-09,2026-10-23,LATAM,$1.693,1693,3h 45m / 9h 50m / 39h 45m / 2h 45m / 4h 20m / 32h 15m,Kayak
2026-06-03 01:59:53,SCL,BKK,2026-10-09,2026-10-23,LATAM,$1.693,1693,10h 25m / 2h 35m / 39h 45m / 2h 45m / 4h 20m / 32h 15m,Kayak
2026-06-03 01:59:53,SCL,BKK,2026-10-09,2026-10-23,LATAM,$1.693,1693,10h 25m / 3h 10m / 39h 45m / 2h 45m / 4h 20m / 32h 15m,Kayak
2026-06-03 01:59:53,SCL,BKK,2026-10-09,2026-10-23,LATAM,$1.694,1694,6h 5m / 1h 50m / 38h 55m / 2h 55m / 3h 50m / 37h 10m,Kayak
2026-06-03 01:59:53,SCL,BKK,2026-10-09,2026-10-23,LATAM,$1.707,1707,3h 45m / 2h 45m / 32h 40m / 2h 0m / 4h 40m / 37h 25m,Kayak
2026-06-03 01:59:53,SCL,BKK,2026-10-09,2026-10-23,LATAM,$1.707,1707,3h 45m / 2h 45m / 32h 40m / 1h 40m / 11h 0m / 43h 20m,Kayak
2026-06-03 01:59:53,SCL,BKK,2026-10-09,2026-10-23,LATAM,$1.709,1709,3h 45m / 2h 45m / 32h 40m / 12h 45m / 11h 0m,Kayak
2026-06-03 01:59:53,SCL,BKK,2026-10-09,2026-10-23,LATAM,$1.709,1709,3h 45m / 2h 45m / 32h 40m / 13h 25m / 11h 0m,Kayak
2026-06-03 01:59:53,SCL,BKK,2026-10-09,2026-10-23,Otras,$1.742,1742,6h 5m / 1h 50m / 38h 55m / 2h 0m / 4h 40m / 37h 25m,Kayak
2026-06-03 01:59:53,SCL,BKK,2026-10-09,2026-10-23,Otras,$1.742,1742,6h 5m / 1h 50m / 38h 55m / 1h 40m / 11h 0m / 43h 20m,Kayak
2026-06-03 01:59:53,SCL,BKK,2026-10-09,2026-10-23,LATAM,$1.743,1743,3h 45m / 2h 45m / 32h 40m / 1h 45m / 1h 30m / 28h 20m,Kayak
2026-06-03 01:59:53,SCL,BKK,2026-10-09,2026-10-23,LATAM,$1.743,1743,3h 45m / 2h 45m / 32h 40m / 2h 45m / 1h 30m / 29h 25m,Kayak
2026-06-03 18:10:16,SCL,BKK,2026-11-06,2026-11-21,Turkish Airlines,"1,204",1204,30h 45m,Google Flights
2026-06-03 18:10:16,SCL,BKK,2026-11-06,2026-11-21,LATAM,"1,231",1231,31h 35m,Google Flights
2026-06-03 18:10:16,SCL,BKK,2026-11-06,2026-11-21,LATAM,"1,180",1180,31h 50m,Google Flights
2026-06-03 18:10:16,SCL,BKK,2026-11-06,2026-11-21,LATAM,"1,450",1450,44h 20m,Google Flights
2026-06-03 18:10:16,SCL,BKK,2026-11-06,2026-11-21,LATAM,"1,128",1128,31h 25m,Google Flights
2026-06-03 18:10:16,SCL,BKK,2026-11-06,2026-11-21,LATAM,"1,363",1363,31h 25m,Google Flights
2026-06-03 18:10:16,SCL,BKK,2026-11-06,2026-11-21,LATAM,"1,469",1469,32h 5m,Google Flights
2026-06-03 18:10:16,SCL,BKK,2026-11-06,2026-11-21,Air France,"1,232",1232,34h 25m / 8h 25m,Google Flights
2026-06-03 18:10:16,SCL,BKK,2026-11-06,2026-11-21,Air France,"1,396",1396,37h 0m,Google Flights
2026-06-03 18:10:16,SCL,BKK,2026-11-06,2026-11-21,LATAM,"1,113",1113,32h 30m,Google Flights
2026-06-03 18:10:16,SCL,BKK,2026-11-06,2026-11-21,LATAM,"1,076",1076,32h 55m / 8h 10m,Google Flights
2026-06-03 18:10:16,SCL,BKK,2026-11-06,2026-11-21,LATAM,"1,162",1162,29h 5m / 3h 0m,Google Flights
2026-06-03 18:10:16,SCL,BKK,2026-11-06,2026-11-21,Turkish Airlines,"1,204",1204,30h 45m / 30h 45m,Google Flights
2026-06-03 18:10:16,SCL,BKK,2026-11-06,2026-11-21,LATAM,"1,231",1231,31h 35m / 31h 35m,Google Flights
2026-06-03 18:10:16,SCL,BKK,2026-11-06,2026-11-21,LATAM,"1,180",1180,31h 50m / 31h 50m,Google Flights
2026-06-03 18:10:16,SCL,BKK,2026-11-06,2026-11-21,LATAM,"1,450",1450,44h 20m / 44h 20m,Google Flights
2026-06-03 18:10:16,SCL,BKK,2026-11-06,2026-11-21,LATAM,"1,128",1128,31h 25m / 31h 25m,Google Flights
2026-06-03 18:10:16,SCL,BKK,2026-11-06,2026-11-21,LATAM,"1,363",1363,31h 25m / 31h 25m,Google Flights
2026-06-03 18:10:16,SCL,BKK,2026-11-06,2026-11-21,LATAM,"1,469",1469,32h 5m / 5h 15m / 32h 5m,Google Flights
2026-06-03 18:10:16,SCL,BKK,2026-11-06,2026-11-21,Air France,"1,232",1232,34h 25m / 8h 25m / 34h 25m,Google Flights
2026-06-03 18:10:16,SCL,BKK,2026-11-06,2026-11-21,Air France,"1,396",1396,37h 0m / 37h 0m,Google Flights
2026-06-03 18:10:16,SCL,BKK,2026-11-06,2026-11-21,LATAM,"1,113",1113,32h 30m / 32h 30m,Google Flights
2026-06-03 18:10:16,SCL,BKK,2026-11-06,2026-11-21,LATAM,"1,076",1076,32h 55m / 8h 10m / 32h 55m,Google Flights
2026-06-03 18:10:16,SCL,BKK,2026-11-06,2026-11-21,LATAM,"1,162",1162,29h 5m / 3h 0m / 29h 5m,Google Flights
2026-06-03 18:10:16,SCL,BKK,2026-11-06,2026-11-21,LATAM,$1.588,1588,10h 30m / 7h 10m / 43h 35m / 3h 10m / 1h 25m / 30h 30m,Kayak
2026-06-03 18:10:16,SCL,BKK,2026-11-06,2026-11-21,LATAM,$1.638,1638,2h 40m / 9h 0m / 37h 25m / 3h 10m / 1h 25m / 30h 30m,Kayak
2026-06-03 18:10:16,SCL,BKK,2026-11-06,2026-11-21,LATAM,$1.699,1699,4h 55m / 0h 50m / 31h 35m / 3h 10m / 1h 25m / 30h 30m,Kayak
2026-06-03 18:10:16,SCL,BKK,2026-11-06,2026-11-21,LATAM,$1.699,1699,2h 40m / 3h 25m / 31h 50m / 3h 10m / 1h 25m / 30h 30m,Kayak
2026-06-03 18:10:16,SCL,BKK,2026-11-06,2026-11-21,Turkish Airlines,$1.712,1712,4h 5m / 1h 10m / 30h 45m / 14h 40m / 1h 35m / 44h 50m,Kayak
2026-06-03 18:10:16,SCL,BKK,2026-11-06,2026-11-21,LATAM,$1.725,1725,10h 30m / 7h 10m / 43h 35m / 1h 35m / 1h 25m / 28h 55m,Kayak
2026-06-03 18:10:16,SCL,BKK,2026-11-06,2026-11-21,Qantas,$1.746,1746,16h 40m / 41h 0m / 4h 45m / 26h 45m,Kayak
2026-06-03 18:10:16,SCL,BKK,2026-11-06,2026-11-21,Iberia,$1.771,1771,6h 35m / 7h 50m / 41h 15m / 3h 0m / 1h 5m / 33h 15m,Kayak
2026-06-03 18:10:16,SCL,BKK,2026-11-06,2026-11-21,LATAM,$1.775,1775,2h 40m / 9h 0m / 37h 25m / 1h 35m / 1h 25m / 28h 55m,Kayak
2026-06-03 18:10:16,SCL,BKK,2026-11-06,2026-11-21,LATAM,$1.787,1787,4h 55m / 0h 50m / 31h 35m / 1h 45m / 3h 5m / 30h 30m,Kayak
2026-06-03 18:10:16,SCL,BKK,2026-11-06,2026-11-21,LATAM,$1.787,1787,2h 40m / 3h 25m / 31h 50m / 1h 45m / 3h 5m / 30h 30m,Kayak
2026-06-03 18:10:16,SCL,BKK,2026-11-06,2026-11-21,Qatar,$1.789,1789,2h 40m / 9h 0m / 37h 25m / 3h 50m / 1h 35m / 33h 40m,Kayak
2026-06-03 18:10:16,SCL,BKK,2026-11-06,2026-11-21,LATAM,$1.835,1835,4h 55m / 0h 50m / 31h 35m / 1h 35m / 1h 25m / 28h 55m,Kayak
2026-06-03 18:10:16,SCL,BKK,2026-11-06,2026-11-21,LATAM,$1.835,1835,2h 40m / 3h 25m / 31h 50m / 1h 35m / 1h 25m / 28h 55m,Kayak
2026-06-03 18:10:16,SCL,BKK,2026-11-06,2026-11-21,Qatar,$1.837,1837,4h 55m / 0h 50m / 31h 35m / 3h 50m / 1h 35m / 33h 40m,Kayak
2026-06-03 18:10:16,SCL,BKK,2026-11-06,2026-11-21,Qatar,$1.837,1837,2h 40m / 3h 25m / 31h 50m / 3h 50m / 1h 35m / 33h 40m,Kayak
2026-06-03 18:10:16,SCL,BKK,2026-11-06,2026-11-21,Qatar,$1.837,1837,4h 55m / 0h 50m / 31h 35m / 7h 45m / 1h 35m / 37h 50m,Kayak
2026-06-03 18:10:16,SCL,BKK,2026-11-06,2026-11-21,Qatar,$1.837,1837,2h 40m / 3h 25m / 31h 50m / 7h 45m / 1h 35m / 37h 50m,Kayak
2026-06-03 18:10:16,SCL,BKK,2026-11-06,2026-11-21,Qatar,$1.837,1837,4h 55m / 0h 50m / 31h 35m / 4h 0m / 12h 10m / 44h 50m,Kayak
2026-06-03 18:10:16,SCL,BKK,2026-11-06,2026-11-21,Qatar,$1.837,1837,2h 40m / 3h 25m / 31h 50m / 4h 0m / 12h 10m / 44h 50m,Kayak
2026-06-03 18:10:16,SCL,BKK,2026-11-06,2026-11-21,Turkish Airlines,$1.845,1845,4h 5m / 1h 10m / 30h 45m / 3h 50m / 1h 35m / 33h 40m,Kayak
2026-06-03 18:10:16,SCL,BKK,2026-11-06,2026-11-21,Turkish Airlines,$1.845,1845,4h 5m / 1h 10m / 30h 45m / 7h 45m / 1h 35m / 37h 50m,Kayak
2026-06-03 18:10:16,SCL,BKK,2026-11-06,2026-11-21,Iberia,$1.874,1874,2h 40m / 3h 0m / 31h 25m / 2h 15m / 4h 35m / 35h 50m,Kayak
2026-06-03 18:10:16,SCL,BKK,2026-11-06,2026-11-21,Iberia,$1.874,1874,4h 55m / 0h 50m / 31h 35m / 2h 15m / 4h 35m / 35h 50m,Kayak
2026-06-03 18:10:16,SCL,BKK,2026-11-06,2026-11-21,Turkish Airlines,$1.882,1882,4h 5m / 5h 50m / 35h 5m / 3h 50m / 1h 35m / 33h 40m,Kayak
2026-06-03 18:10:16,SCL,BKK,2026-11-06,2026-11-21,Otras,$1.887,1887,11h 30m / 2h 50m / 44h 45m / 3h 50m / 1h 35m / 33h 40m,Kayak
2026-06-03 18:10:16,SCL,BKK,2026-11-06,2026-11-21,Otras,$1.887,1887,11h 30m / 2h 50m / 44h 45m / 14h 40m / 1h 35m / 44h 50m,Kayak
2026-06-03 18:10:16,SCL,BKK,2026-11-06,2026-11-21,Qatar,$1.894,1894,4h 55m / 0h 50m / 31h 35m / 2h 40m / 6h 25m / 37h 25m,Kayak
2026-06-03 18:10:16,SCL,BKK,2026-11-06,2026-11-21,Qatar,$1.894,1894,2h 40m / 3h 25m / 31h 50m / 2h 40m / 6h 25m / 37h 25m,Kayak
2026-06-03 18:10:16,SCL,BKK,2026-11-06,2026-11-21,Iberia,$1.906,1906,2h 40m / 3h 0m / 31h 25m / 1h 5m / 6h 25m / 35h 50m,Kayak
2026-06-03 18:10:16,SCL,BKK,2026-11-06,2026-11-21,Iberia,$1.906,1906,4h 55m / 0h 50m / 31h 35m / 1h 5m / 6h 25m / 35h 50m,Kayak
2026-06-03 18:10:16,SCL,BKK,2026-11-06,2026-11-21,Otras,$1.907,1907,6h 10m / 0h 55m / 36h 25m / 3h 50m / 1h 35m / 33h 40m,Kayak
2026-06-03 18:10:16,SCL,BKK,2026-11-06,2026-11-21,Otras,$1.907,1907,6h 10m / 0h 55m / 36h 25m / 14h 40m / 1h 35m / 44h 50m,Kayak
2026-06-03 18:10:16,SCL,BKK,2026-11-06,2026-11-21,LATAM,$1.916,1916,11h 30m / 2h 50m / 44h 45m / 2h 40m / 6h 25m / 37h 25m,Kayak
2026-06-03 18:10:16,SCL,BKK,2026-11-06,2026-11-21,LATAM,$1.941,1941,2h 40m / 3h 0m / 31h 25m / 3h 10m / 1h 25m / 30h 30m,Kayak
2026-06-03 18:10:16,SCL,BKK,2026-11-06,2026-11-21,Qatar,$1.955,1955,4h 5m / 1h 10m / 30h 45m / 2h 40m / 6h 25m / 37h 25m,Kayak
2026-06-03 18:10:16,SCL,BKK,2026-11-06,2026-11-21,LATAM,$1.974,1974,1h 25m / 5h 0m / 31h 25m / 1h 35m / 1h 25m / 28h 55m,Kayak
2026-06-03 18:10:16,SCL,BKK,2026-11-06,2026-11-21,Turkish Airlines,$1.987,1987,1h 35m / 8h 10m / 35h 5m / 7h 45m / 1h 35m / 37h 50m,Kayak
2026-06-03 18:10:16,SCL,BKK,2026-11-06,2026-11-21,LATAM,$1.988,1988,1h 45m / 2h 10m / 29h 10m / 2h 25m / 2h 35m / 30h 35m,Kayak
2026-06-03 18:10:16,SCL,BKK,2026-11-06,2026-11-21,Turkish Airlines,$1.989,1989,1h 35m / 8h 10m / 35h 5m / 3h 50m / 1h 35m / 33h 40m,Kayak
2026-06-03 18:10:16,SCL,BKK,2026-11-06,2026-11-21,Qatar,$1.992,1992,2h 40m / 3h 25m / 31h 50m / 8h 55m / 3h 4m / 40h 20m,Kayak
2026-06-03 18:10:16,SCL,BKK,2026-11-06,2026-11-21,Qatar,$1.992,1992,2h 40m / 3h 25m / 31h 50m / 1h 50m / 10h 9m / 40h 20m,Kayak
2026-06-03 18:10:16,SCL,BKK,2026-11-06,2026-11-21,Qatar,$1.994,1994,4h 55m / 0h 50m / 31h 35m / 2h 50m / 3h 4m / 34h 15m,Kayak
2026-06-03 18:10:16,SCL,BKK,2026-11-06,2026-11-21,Qatar,$1.994,1994,2h 40m / 3h 25m / 31h 50m / 2h 50m / 3h 4m / 34h 15m,Kayak
2026-06-03 18:10:16,SCL,BKK,2026-11-06,2026-11-21,Qatar,$1.994,1994,4h 55m / 0h 50m / 31h 35m / 3h 40m / 3h 4m / 35h 5m,Kayak
2026-06-03 18:10:16,SCL,BKK,2026-11-06,2026-11-21,Qatar,$1.994,1994,2h 40m / 3h 25m / 31h 50m / 3h 40m / 3h 4m / 35h 5m,Kayak
2026-06-03 18:10:16,SCL,BKK,2026-11-06,2026-11-21,Turkish Airlines,$2.006,2006,1h 35m / 3h 30m / 30h 45m / 3h 50m / 1h 35m / 33h 40m,Kayak
2026-06-03 18:10:16,SCL,BKK,2026-11-06,2026-12-06,LATAM,"1,450",1450,44h 20m,Google Flights
2026-06-03 18:10:16,SCL,BKK,2026-11-06,2026-12-06,LATAM,"1,180",1180,31h 50m,Google Flights
2026-06-03 18:10:16,SCL,BKK,2026-11-06,2026-12-06,Turkish Airlines,"1,218",1218,30h 35m,Google Flights
2026-06-03 18:10:16,SCL,BKK,2026-11-06,2026-12-06,LATAM,"1,469",1469,32h 5m,Google Flights
2026-06-03 18:10:16,SCL,BKK,2026-11-06,2026-12-06,Air France,"1,232",1232,34h 25m / 8h 25m,Google Flights
2026-06-03 18:10:16,SCL,BKK,2026-11-06,2026-12-06,LATAM,"1,231",1231,31h 35m,Google Flights
2026-06-03 18:10:16,SCL,BKK,2026-11-06,2026-12-06,LATAM,"1,363",1363,31h 25m,Google Flights
2026-06-03 18:10:16,SCL,BKK,2026-11-06,2026-12-06,LATAM,"1,128",1128,31h 25m,Google Flights
2026-06-03 18:10:16,SCL,BKK,2026-11-06,2026-12-06,KLM,"1,525",1525,35h 55m,Google Flights
2026-06-03 18:10:16,SCL,BKK,2026-11-06,2026-12-06,LATAM,"1,113",1113,30h 50m,Google Flights
2026-06-03 18:10:16,SCL,BKK,2026-11-06,2026-12-06,LATAM,"1,113",1113,32h 30m,Google Flights
2026-06-03 18:10:16,SCL,BKK,2026-11-06,2026-12-06,LATAM,"1,162",1162,29h 5m / 3h 0m,Google Flights
2026-06-03 18:10:16,SCL,BKK,2026-11-06,2026-12-06,LATAM,"1,076",1076,32h 55m / 8h 10m,Google Flights
2026-06-03 18:10:16,SCL,BKK,2026-11-06,2026-12-06,Qatar,"1,674",1674,31h 10m,Google Flights
2026-06-03 18:10:16,SCL,BKK,2026-11-06,2026-12-06,Qatar,"1,745",1745,31h 10m,Google Flights
2026-06-03 18:10:16,SCL,BKK,2026-11-06,2026-12-06,LATAM,"1,450",1450,44h 20m / 44h 20m,Google Flights
2026-06-03 18:10:16,SCL,BKK,2026-11-06,2026-12-06,LATAM,"1,180",1180,31h 50m / 31h 50m,Google Flights
2026-06-03 18:10:16,SCL,BKK,2026-11-06,2026-12-06,Turkish Airlines,"1,218",1218,30h 35m / 30h 35m,Google Flights
2026-06-03 18:10:16,SCL,BKK,2026-11-06,2026-12-06,LATAM,"1,469",1469,32h 5m / 5h 15m / 32h 5m,Google Flights
2026-06-03 18:10:16,SCL,BKK,2026-11-06,2026-12-06,Air France,"1,232",1232,34h 25m / 8h 25m / 34h 25m,Google Flights
2026-06-03 18:10:16,SCL,BKK,2026-11-06,2026-12-06,LATAM,"1,231",1231,31h 35m / 31h 35m,Google Flights
2026-06-03 18:10:16,SCL,BKK,2026-11-06,2026-12-06,LATAM,"1,363",1363,31h 25m / 31h 25m,Google Flights
2026-06-03 18:10:16,SCL,BKK,2026-11-06,2026-12-06,LATAM,"1,128",1128,31h 25m / 31h 25m,Google Flights
2026-06-03 18:10:16,SCL,BKK,2026-11-06,2026-12-06,KLM,"1,525",1525,35h 55m / 35h 55m,Google Flights
2026-06-03 18:10:16,SCL,BKK,2026-11-06,2026-12-06,LATAM,"1,113",1113,30h 50m / 30h 50m,Google Flights
2026-06-03 18:10:16,SCL,BKK,2026-11-06,2026-12-06,LATAM,"1,113",1113,32h 30m / 32h 30m,Google Flights
2026-06-03 18:10:16,SCL,BKK,2026-11-06,2026-12-06,LATAM,"1,162",1162,29h 5m / 3h 0m / 29h 5m,Google Flights
2026-06-03 18:10:16,SCL,BKK,2026-11-06,2026-12-06,LATAM,"1,076",1076,32h 55m / 8h 10m / 32h 55m,Google Flights
2026-06-03 18:10:16,SCL,BKK,2026-11-06,2026-12-06,Qatar,"1,674",1674,31h 10m / 31h 10m,Google Flights
2026-06-03 18:10:16,SCL,BKK,2026-11-06,2026-12-06,Qatar,"1,745",1745,31h 10m / 31h 10m,Google Flights
2026-06-03 18:10:16,SCL,BKK,2026-11-06,2026-12-06,LATAM,$1.515,1515,9h 55m / 7h 55m / 43h 35m / 1h 35m / 1h 25m / 28h 55m,Kayak
2026-06-03 18:10:16,SCL,BKK,2026-11-06,2026-12-06,LATAM,$1.518,1518,10h 30m / 7h 10m / 43h 35m / 1h 35m / 1h 25m / 28h 55m,Kayak
2026-06-03 18:10:16,SCL,BKK,2026-11-06,2026-12-06,LATAM,$1.518,1518,10h 30m / 7h 10m / 43h 35m / 3h 10m / 1h 25m / 30h 30m,Kayak
2026-06-03 18:10:16,SCL,BKK,2026-11-06,2026-12-06,LATAM,$1.518,1518,9h 55m / 7h 55m / 43h 35m / 3h 10m / 1h 25m / 30h 30m,Kayak
2026-06-03 18:10:16,SCL,BKK,2026-11-06,2026-12-06,LATAM,$1.518,1518,10h 30m / 7h 10m / 43h 35m / 1h 35m / 3h 30m / 31h 0m,Kayak
2026-06-03 18:10:16,SCL,BKK,2026-11-06,2026-12-06,LATAM,$1.518,1518,9h 55m / 7h 55m / 43h 35m / 1h 35m / 3h 30m / 31h 0m,Kayak
2026-06-03 18:10:16,SCL,BKK,2026-11-06,2026-12-06,LATAM,$1.518,1518,10h 30m / 7h 10m / 43h 35m / 1h 35m / 4h 5m / 31h 35m,Kayak
2026-06-03 18:10:16,SCL,BKK,2026-11-06,2026-12-06,LATAM,$1.518,1518,9h 55m / 7h 55m / 43h 35m / 1h 35m / 4h 5m / 31h 35m,Kayak
2026-06-03 18:10:16,SCL,BKK,2026-11-06,2026-12-06,LATAM,$1.518,1518,10h 30m / 7h 10m / 43h 35m / 3h 10m / 3h 30m / 32h 35m,Kayak
2026-06-03 18:10:16,SCL,BKK,2026-11-06,2026-12-06,LATAM,$1.518,1518,9h 55m / 7h 55m / 43h 35m / 3h 10m / 3h 30m / 32h 35m,Kayak
2026-06-03 18:10:16,SCL,BKK,2026-11-06,2026-12-06,LATAM,$1.520,1520,2h 40m / 15h 10m / 43h 35m / 1h 35m / 1h 25m / 28h 55m,Kayak
2026-06-03 18:10:16,SCL,BKK,2026-11-06,2026-12-06,LATAM,$1.520,1520,2h 40m / 15h 10m / 43h 35m / 3h 10m / 1h 25m / 30h 30m,Kayak
2026-06-03 18:10:16,SCL,BKK,2026-11-06,2026-12-06,LATAM,$1.520,1520,2h 40m / 15h 10m / 43h 35m / 1h 35m / 3h 30m / 31h 0m,Kayak
2026-06-03 18:10:16,SCL,BKK,2026-11-06,2026-12-06,LATAM,$1.520,1520,2h 40m / 15h 10m / 43h 35m / 1h 35m / 4h 5m / 31h 35m,Kayak
2026-06-03 18:10:16,SCL,BKK,2026-11-06,2026-12-06,LATAM,$1.520,1520,2h 40m / 15h 10m / 43h 35m / 3h 10m / 3h 30m / 32h 35m,Kayak
2026-06-03 18:10:16,SCL,BKK,2026-11-06,2026-12-06,LATAM,$1.520,1520,9h 55m / 7h 55m / 43h 35m / 13h 0m / 3h 30m / 42h 25m,Kayak
2026-06-03 18:10:16,SCL,BKK,2026-11-06,2026-12-06,LATAM,$1.520,1520,9h 55m / 7h 55m / 43h 35m / 13h 0m / 4h 5m / 43h 0m,Kayak
2026-06-03 18:10:16,SCL,BKK,2026-11-06,2026-12-06,Qatar,$1.526,1526,9h 55m / 7h 55m / 43h 35m / 3h 15m / 2h 50m / 35h 5m,Kayak
2026-06-03 18:10:16,SCL,BKK,2026-11-06,2026-12-06,Qatar,$1.526,1526,9h 55m / 7h 55m / 43h 35m / 4h 5m / 2h 50m / 35h 55m,Kayak
2026-06-03 18:10:16,SCL,BKK,2026-11-06,2026-12-06,LATAM,$1.528,1528,17h 0m / 0h 50m / 43h 35m / 1h 35m / 1h 25m / 28h 55m,Kayak
2026-06-03 18:10:16,SCL,BKK,2026-11-06,2026-12-06,LATAM,$1.528,1528,17h 0m / 0h 50m / 43h 35m / 3h 10m / 1h 25m / 30h 30m,Kayak
2026-06-03 18:10:16,SCL,BKK,2026-11-06,2026-12-06,LATAM,$1.528,1528,17h 0m / 0h 50m / 43h 35m / 1h 35m / 3h 30m / 31h 0m,Kayak
2026-06-03 18:10:16,SCL,BKK,2026-11-06,2026-12-06,LATAM,$1.528,1528,17h 0m / 0h 50m / 43h 35m / 1h 35m / 4h 5m / 31h 35m,Kayak
2026-06-03 18:10:16,SCL,BKK,2026-11-06,2026-12-06,LATAM,$1.528,1528,17h 0m / 0h 50m / 43h 35m / 3h 10m / 3h 30m / 32h 35m,Kayak
2026-06-03 18:10:16,SCL,BKK,2026-11-06,2026-12-06,Qatar,$1.535,1535,10h 30m / 7h 10m / 43h 35m / 3h 15m / 2h 50m / 35h 5m,Kayak
2026-06-03 18:10:16,SCL,BKK,2026-11-06,2026-12-06,Qatar,$1.535,1535,10h 30m / 7h 10m / 43h 35m / 4h 5m / 2h 50m / 35h 55m,Kayak
2026-06-03 18:10:16,SCL,BKK,2026-11-06,2026-12-06,Qatar,$1.537,1537,2h 40m / 15h 10m / 43h 35m / 3h 15m / 2h 50m / 35h 5m,Kayak
2026-06-03 18:10:16,SCL,BKK,2026-11-06,2026-12-06,Qatar,$1.537,1537,2h 40m / 15h 10m / 43h 35m / 4h 5m / 2h 50m / 35h 55m,Kayak
2026-06-03 18:10:16,SCL,BKK,2026-11-06,2026-12-06,Qatar,$1.562,1562,17h 0m / 0h 50m / 43h 35m / 3h 15m / 2h 50m / 35h 5m,Kayak
2026-06-03 18:10:16,SCL,BKK,2026-11-06,2026-12-06,Qatar,$1.562,1562,17h 0m / 0h 50m / 43h 35m / 4h 5m / 2h 50m / 35h 55m,Kayak
2026-06-03 18:10:16,SCL,BKK,2026-11-06,2026-12-06,LATAM,$1.565,1565,2h 40m / 9h 0m / 37h 25m / 1h 35m / 1h 25m / 28h 55m,Kayak
2026-06-03 18:10:16,SCL,BKK,2026-11-06,2026-12-06,LATAM,$1.568,1568,2h 40m / 9h 0m / 37h 25m / 3h 10m / 1h 25m / 30h 30m,Kayak
2026-06-03 18:10:16,SCL,BKK,2026-11-06,2026-12-06,LATAM,$1.568,1568,2h 40m / 9h 0m / 37h 25m / 1h 35m / 3h 30m / 31h 0m,Kayak
2026-06-03 18:10:16,SCL,BKK,2026-11-06,2026-12-06,LATAM,$1.568,1568,2h 40m / 9h 0m / 37h 25m / 1h 35m / 4h 5m / 31h 35m,Kayak
2026-06-03 18:10:16,SCL,BKK,2026-11-06,2026-12-06,LATAM,$1.568,1568,2h 40m / 9h 0m / 37h 25m / 3h 10m / 3h 30m / 32h 35m,Kayak
2026-06-03 18:10:16,SCL,BKK,2026-11-06,2026-12-06,LATAM,$1.568,1568,2h 40m / 9h 0m / 37h 25m / 3h 10m / 4h 5m / 33h 10m,Kayak
2026-06-03 18:10:16,SCL,BKK,2026-11-06,2026-12-06,LATAM,$1.570,1570,2h 40m / 9h 0m / 37h 25m / 13h 0m / 3h 30m / 42h 25m,Kayak
2026-06-03 18:10:16,SCL,BKK,2026-11-06,2026-12-06,LATAM,$1.570,1570,2h 40m / 9h 0m / 37h 25m / 13h 0m / 4h 5m / 43h 0m,Kayak
2026-06-03 18:10:16,SCL,BKK,2026-11-06,2026-12-06,Qatar,$1.577,1577,2h 40m / 9h 0m / 37h 25m / 3h 15m / 2h 50m / 35h 5m,Kayak
2026-06-03 18:10:16,SCL,BKK,2026-11-06,2026-12-06,Qatar,$1.577,1577,2h 40m / 9h 0m / 37h 25m / 4h 5m / 2h 50m / 35h 55m,Kayak
2026-06-03 18:10:16,SCL,BKK,2026-11-06,2026-12-06,LATAM,$1.577,1577,17h 0m / 1h 50m / 44h 35m / 1h 35m / 1h 25m / 28h 55m,Kayak
2026-06-03 18:10:16,SCL,BKK,2026-11-06,2026-12-06,LATAM,$1.577,1577,17h 0m / 1h 50m / 44h 35m / 3h 10m / 1h 25m / 30h 30m,Kayak
2026-06-03 18:10:16,SCL,BKK,2026-11-06,2026-12-06,LATAM,$1.577,1577,17h 0m / 1h 50m / 44h 35m / 1h 35m / 3h 30m / 31h 0m,Kayak
2026-06-03 18:10:16,SCL,BKK,2026-11-06,2026-12-06,LATAM,$1.577,1577,17h 0m / 1h 50m / 44h 35m / 1h 35m / 4h 5m / 31h 35m,Kayak
2026-06-03 18:10:16,SCL,BKK,2026-11-06,2026-12-06,LATAM,$1.577,1577,17h 0m / 1h 50m / 44h 35m / 3h 10m / 3h 30m / 32h 35m,Kayak
2026-06-03 18:10:16,SCL,BKK,2026-11-06,2026-12-06,Qatar,$1.613,1613,17h 0m / 1h 50m / 44h 35m / 3h 15m / 2h 50m / 35h 5m,Kayak
2026-06-03 18:10:16,SCL,BKK,2026-11-06,2026-12-06,Qatar,$1.613,1613,17h 0m / 1h 50m / 44h 35m / 4h 5m / 2h 50m / 35h 55m,Kayak
2026-06-03 18:10:16,SCL,BKK,2026-11-06,2026-12-06,LATAM,$1.624,1624,11h 30m / 2h 25m / 44h 20m / 1h 35m / 1h 25m / 28h 55m,Kayak
2026-06-03 18:10:16,SCL,BKK,2026-11-06,2026-12-06,LATAM,$1.624,1624,11h 30m / 2h 50m / 44h 45m / 1h 35m / 1h 25m / 28h 55m,Kayak
2026-06-03 18:10:16,SCL,BKK,2026-11-06,2026-12-06,LATAM,$1.624,1624,11h 30m / 2h 25m / 44h 20m / 3h 10m / 1h 25m / 30h 30m,Kayak
2026-06-03 18:10:16,SCL,BKK,2026-11-20,2026-12-05,LATAM,"1,231",1231,31h 35m,Google Flights
2026-06-03 18:10:16,SCL,BKK,2026-11-20,2026-12-05,LATAM,"1,180",1180,31h 50m,Google Flights
2026-06-03 18:10:16,SCL,BKK,2026-11-20,2026-12-05,Air France,"1,232",1232,34h 25m / 8h 25m,Google Flights
2026-06-03 18:10:16,SCL,BKK,2026-11-20,2026-12-05,Iberia,"1,231",1231,37h 25m,Google Flights
2026-06-03 18:10:16,SCL,BKK,2026-11-20,2026-12-05,LATAM,"1,312",1312,33h 5m,Google Flights
2026-06-03 18:10:16,SCL,BKK,2026-11-20,2026-12-05,LATAM,"1,128",1128,31h 25m,Google Flights
2026-06-03 18:10:16,SCL,BKK,2026-11-20,2026-12-05,LATAM,"1,260",1260,32h 40m,Google Flights
2026-06-03 18:10:16,SCL,BKK,2026-11-20,2026-12-05,Turkish Airlines,"1,218",1218,30h 45m,Google Flights
2026-06-03 18:10:16,SCL,BKK,2026-11-20,2026-12-05,LATAM,"1,113",1113,30h 50m,Google Flights
2026-06-03 18:10:16,SCL,BKK,2026-11-20,2026-12-05,LATAM,"1,162",1162,29h 5m / 3h 0m,Google Flights
2026-06-03 18:10:16,SCL,BKK,2026-11-20,2026-12-05,LATAM,"1,076",1076,32h 55m / 8h 10m,Google Flights
2026-06-03 18:10:16,SCL,BKK,2026-11-20,2026-12-05,LATAM,"1,231",1231,31h 35m / 31h 35m,Google Flights
2026-06-03 18:10:16,SCL,BKK,2026-11-20,2026-12-05,LATAM,"1,180",1180,31h 50m / 31h 50m,Google Flights
2026-06-03 18:10:16,SCL,BKK,2026-11-20,2026-12-05,Air France,"1,232",1232,34h 25m / 8h 25m / 34h 25m,Google Flights
2026-06-03 18:10:16,SCL,BKK,2026-11-20,2026-12-05,Iberia,"1,231",1231,37h 25m / 37h 25m,Google Flights
2026-06-03 18:10:16,SCL,BKK,2026-11-20,2026-12-05,LATAM,"1,312",1312,33h 5m / 33h 5m,Google Flights
2026-06-03 18:10:16,SCL,BKK,2026-11-20,2026-12-05,LATAM,"1,128",1128,31h 25m / 31h 25m,Google Flights
2026-06-03 18:10:16,SCL,BKK,2026-11-20,2026-12-05,LATAM,"1,260",1260,32h 40m / 32h 40m,Google Flights
2026-06-03 18:10:16,SCL,BKK,2026-11-20,2026-12-05,Turkish Airlines,"1,218",1218,30h 45m / 30h 45m,Google Flights
2026-06-03 18:10:16,SCL,BKK,2026-11-20,2026-12-05,LATAM,"1,113",1113,30h 50m / 30h 50m,Google Flights
2026-06-03 18:10:16,SCL,BKK,2026-11-20,2026-12-05,LATAM,"1,162",1162,29h 5m / 3h 0m / 29h 5m,Google Flights
2026-06-03 18:10:16,SCL,BKK,2026-11-20,2026-12-05,LATAM,"1,076",1076,32h 55m / 8h 10m / 32h 55m,Google Flights
2026-06-03 18:10:16,SCL,BKK,2026-11-20,2026-12-05,LATAM,$1.737,1737,17h 0m / 0h 50m / 43h 35m / 1h 35m / 1h 25m / 28h 55m,Kayak
2026-06-03 18:10:16,SCL,BKK,2026-11-20,2026-12-05,LATAM,$1.737,1737,17h 0m / 0h 50m / 43h 35m / 3h 10m / 1h 25m / 30h 30m,Kayak
2026-06-03 18:10:16,SCL,BKK,2026-11-20,2026-12-05,LATAM,$1.737,1737,17h 0m / 0h 50m / 43h 35m / 1h 35m / 3h 30m / 31h 0m,Kayak
2026-06-03 18:10:16,SCL,BKK,2026-11-20,2026-12-05,LATAM,$1.737,1737,17h 0m / 0h 50m / 43h 35m / 1h 35m / 4h 5m / 31h 35m,Kayak
2026-06-03 18:10:16,SCL,BKK,2026-11-20,2026-12-05,LATAM,$1.737,1737,17h 0m / 0h 50m / 43h 35m / 3h 10m / 3h 30m / 32h 35m,Kayak
2026-06-03 18:10:16,SCL,BKK,2026-11-20,2026-12-05,Iberia,$1.746,1746,3h 35m / 10h 45m / 41h 15m / 3h 0m / 1h 5m / 33h 15m,Kayak
2026-06-03 18:10:16,SCL,BKK,2026-11-20,2026-12-20,Iberia,"1,231",1231,37h 25m,Google Flights
2026-06-03 18:10:16,SCL,BKK,2026-11-20,2026-12-20,Air France,"1,232",1232,34h 25m / 8h 25m,Google Flights
2026-06-03 18:10:16,SCL,BKK,2026-11-20,2026-12-20,KLM,"1,525",1525,35h 55m,Google Flights
2026-06-03 18:10:16,SCL,BKK,2026-11-20,2026-12-20,LATAM,"1,231",1231,31h 35m,Google Flights
2026-06-03 18:10:16,SCL,BKK,2026-11-20,2026-12-20,LATAM,"1,180",1180,31h 50m,Google Flights
2026-06-03 18:10:16,SCL,BKK,2026-11-20,2026-12-20,LATAM,"1,128",1128,31h 25m,Google Flights
2026-06-03 18:10:16,SCL,BKK,2026-11-20,2026-12-20,LATAM,"1,444",1444,32h 5m,Google Flights
2026-06-03 18:10:16,SCL,BKK,2026-11-20,2026-12-20,LATAM,"1,260",1260,32h 40m,Google Flights
2026-06-03 18:10:16,SCL,BKK,2026-11-20,2026-12-20,Turkish Airlines,"1,218",1218,30h 35m,Google Flights
2026-06-03 18:10:16,SCL,BKK,2026-11-20,2026-12-20,LATAM,"1,162",1162,29h 5m / 3h 0m,Google Flights
2026-06-03 18:10:16,SCL,BKK,2026-11-20,2026-12-20,LATAM,"1,113",1113,30h 50m,Google Flights
2026-06-03 18:10:16,SCL,BKK,2026-11-20,2026-12-20,Qatar,"1,640",1640,31h 10m,Google Flights
2026-06-03 18:10:16,SCL,BKK,2026-11-20,2026-12-20,Qatar,"1,711",1711,31h 10m,Google Flights
2026-06-03 18:10:16,SCL,BKK,2026-11-20,2026-12-20,Iberia,"1,231",1231,37h 25m / 37h 25m,Google Flights
2026-06-03 18:10:16,SCL,BKK,2026-11-20,2026-12-20,Air France,"1,232",1232,34h 25m / 8h 25m / 34h 25m,Google Flights
2026-06-03 18:10:16,SCL,BKK,2026-11-20,2026-12-20,KLM,"1,525",1525,35h 55m / 35h 55m,Google Flights
2026-06-03 18:10:16,SCL,BKK,2026-11-20,2026-12-20,LATAM,"1,231",1231,31h 35m / 31h 35m,Google Flights
2026-06-03 18:10:16,SCL,BKK,2026-11-20,2026-12-20,LATAM,"1,180",1180,31h 50m / 31h 50m,Google Flights
2026-06-03 18:10:16,SCL,BKK,2026-11-20,2026-12-20,LATAM,"1,128",1128,31h 25m / 31h 25m,Google Flights
2026-06-03 18:10:16,SCL,BKK,2026-11-20,2026-12-20,LATAM,"1,444",1444,32h 5m / 32h 5m,Google Flights
2026-06-03 18:10:16,SCL,BKK,2026-11-20,2026-12-20,LATAM,"1,260",1260,32h 40m / 32h 40m,Google Flights
2026-06-03 18:10:16,SCL,BKK,2026-11-20,2026-12-20,Turkish Airlines,"1,218",1218,30h 35m / 30h 35m,Google Flights
2026-06-03 18:10:16,SCL,BKK,2026-11-20,2026-12-20,LATAM,"1,162",1162,29h 5m / 3h 0m / 29h 5m,Google Flights
2026-06-03 18:10:16,SCL,BKK,2026-11-20,2026-12-20,LATAM,"1,113",1113,30h 50m / 30h 50m,Google Flights
2026-06-03 18:10:16,SCL,BKK,2026-11-20,2026-12-20,Qatar,"1,640",1640,31h 10m / 31h 10m,Google Flights
2026-06-03 18:10:16,SCL,BKK,2026-11-20,2026-12-20,Qatar,"1,711",1711,31h 10m / 31h 10m,Google Flights
2026-06-03 18:10:16,SCL,BKK,2026-11-20,2026-12-20,LATAM,$1.729,1729,2h 40m / 15h 10m / 43h 35m / 1h 35m / 3h 30m / 31h 0m,Kayak
2026-06-03 18:10:16,SCL,BKK,2026-11-20,2026-12-20,LATAM,$1.729,1729,2h 40m / 15h 10m / 43h 35m / 2h 30m / 4h 20m / 32h 35m,Kayak
2026-06-03 18:10:16,SCL,BKK,2026-11-20,2026-12-20,LATAM,$1.729,1729,2h 40m / 15h 10m / 43h 35m / 3h 10m / 3h 30m / 32h 35m,Kayak
2026-06-03 18:10:16,SCL,BKK,2026-11-20,2026-12-20,LATAM,$1.737,1737,17h 0m / 0h 50m / 43h 35m / 1h 35m / 3h 30m / 31h 0m,Kayak
2026-06-03 18:10:16,SCL,BKK,2026-11-20,2026-12-20,LATAM,$1.737,1737,17h 0m / 0h 50m / 43h 35m / 2h 30m / 4h 20m / 32h 35m,Kayak
2026-06-03 18:10:16,SCL,BKK,2026-11-20,2026-12-20,LATAM,$1.737,1737,17h 0m / 0h 50m / 43h 35m / 3h 10m / 3h 30m / 32h 35m,Kayak
2026-06-03 18:10:16,SCL,BKK,2026-11-20,2026-12-20,LATAM,$1.775,1775,4h 55m / 0h 50m / 31h 35m / 1h 35m / 3h 30m / 31h 0m,Kayak
2026-06-03 18:10:16,SCL,BKK,2026-11-20,2026-12-20,LATAM,$1.775,1775,2h 40m / 9h 0m / 37h 25m / 1h 35m / 3h 30m / 31h 0m,Kayak
2026-06-03 18:10:16,SCL,BKK,2026-11-20,2026-12-20,LATAM,$1.777,1777,4h 55m / 0h 50m / 31h 35m / 2h 30m / 4h 20m / 32h 35m,Kayak
2026-06-03 18:10:16,SCL,BKK,2026-11-20,2026-12-20,LATAM,$1.777,1777,4h 55m / 0h 50m / 31h 35m / 3h 10m / 3h 30m / 32h 35m,Kayak
2026-06-03 18:10:16,SCL,BKK,2026-11-20,2026-12-20,LATAM,$1.777,1777,4h 55m / 0h 50m / 31h 35m / 3h 10m / 4h 5m / 33h 10m,Kayak
2026-06-03 18:10:16,SCL,BKK,2026-11-20,2026-12-20,LATAM,$1.777,1777,2h 40m / 9h 0m / 37h 25m / 2h 30m / 4h 20m / 32h 35m,Kayak
2026-06-03 18:10:16,SCL,BKK,2026-11-20,2026-12-20,LATAM,$1.777,1777,2h 40m / 9h 0m / 37h 25m / 3h 10m / 3h 30m / 32h 35m,Kayak
2026-06-03 18:10:16,SCL,BKK,2026-11-20,2026-12-20,LATAM,$1.777,1777,2h 40m / 9h 0m / 37h 25m / 3h 10m / 4h 5m / 33h 10m,Kayak
2026-06-03 18:10:16,SCL,BKK,2026-11-20,2026-12-20,LATAM,$1.777,1777,9h 55m / 7h 55m / 43h 35m / 1h 35m / 3h 30m / 31h 0m,Kayak
2026-06-03 18:10:16,SCL,BKK,2026-11-20,2026-12-20,LATAM,$1.777,1777,9h 55m / 7h 55m / 43h 35m / 2h 30m / 4h 20m / 32h 35m,Kayak
2026-06-03 18:10:16,SCL,BKK,2026-11-20,2026-12-20,LATAM,$1.777,1777,9h 55m / 7h 55m / 43h 35m / 3h 10m / 3h 30m / 32h 35m,Kayak
2026-06-03 18:10:16,SCL,BKK,2026-11-20,2026-12-20,LATAM,$1.777,1777,9h 55m / 7h 55m / 43h 35m / 3h 10m / 4h 5m / 33h 10m,Kayak
2026-06-03 18:10:16,SCL,BKK,2026-11-20,2026-12-20,LATAM,$1.779,1779,4h 55m / 0h 50m / 31h 35m / 13h 0m / 3h 30m / 42h 25m,Kayak
2026-06-03 18:10:16,SCL,BKK,2026-11-20,2026-12-20,LATAM,$1.779,1779,4h 55m / 0h 50m / 31h 35m / 13h 0m / 4h 5m / 43h 0m,Kayak
2026-06-03 18:10:16,SCL,BKK,2026-11-20,2026-12-20,LATAM,$1.779,1779,2h 40m / 16h 10m / 44h 35m / 1h 35m / 3h 30m / 31h 0m,Kayak
2026-06-03 18:10:16,SCL,BKK,2026-11-20,2026-12-20,LATAM,$1.779,1779,2h 40m / 16h 10m / 44h 35m / 2h 30m / 4h 20m / 32h 35m,Kayak
2026-06-03 18:10:16,SCL,BKK,2026-11-20,2026-12-20,LATAM,$1.779,1779,2h 40m / 16h 10m / 44h 35m / 3h 10m / 3h 30m / 32h 35m,Kayak
2026-06-03 18:10:16,SCL,BKK,2026-11-20,2026-12-20,LATAM,$1.779,1779,2h 40m / 9h 0m / 37h 25m / 13h 0m / 3h 30m / 42h 25m,Kayak
2026-06-03 18:10:16,SCL,BKK,2026-11-20,2026-12-20,LATAM,$1.779,1779,2h 40m / 9h 0m / 37h 25m / 13h 0m / 4h 5m / 43h 0m,Kayak
2026-06-03 18:10:16,SCL,BKK,2026-11-20,2026-12-20,LATAM,$1.779,1779,9h 55m / 7h 55m / 43h 35m / 13h 0m / 3h 30m / 42h 25m,Kayak
2026-06-03 18:10:16,SCL,BKK,2026-11-20,2026-12-20,LATAM,$1.779,1779,9h 55m / 7h 55m / 43h 35m / 13h 0m / 4h 5m / 43h 0m,Kayak
2026-06-03 18:10:16,SCL,BKK,2026-11-20,2026-12-20,LATAM,$1.780,1780,4h 55m / 0h 50m / 31h 35m / 1h 35m / 4h 5m / 31h 35m,Kayak
2026-06-03 18:10:16,SCL,BKK,2026-11-20,2026-12-20,LATAM,$1.835,1835,2h 40m / 3h 25m / 31h 50m / 1h 35m / 3h 30m / 31h 0m,Kayak
2026-06-03 18:10:16,SCL,BKK,2026-11-20,2026-12-20,LATAM,$1.838,1838,2h 40m / 3h 25m / 31h 50m / 3h 10m / 3h 30m / 32h 35m,Kayak
2026-06-03 18:10:16,SCL,BKK,2026-11-20,2026-12-20,LATAM,$1.838,1838,2h 40m / 3h 25m / 31h 50m / 2h 30m / 4h 20m / 32h 35m,Kayak
2026-06-03 18:10:16,SCL,BKK,2026-11-20,2026-12-20,LATAM,$1.838,1838,2h 40m / 3h 25m / 31h 50m / 3h 10m / 4h 5m / 33h 10m,Kayak
2026-06-03 18:10:16,SCL,BKK,2026-11-20,2026-12-20,LATAM,$1.840,1840,2h 40m / 3h 25m / 31h 50m / 13h 0m / 3h 30m / 42h 25m,Kayak
2026-06-03 18:10:16,SCL,BKK,2026-11-20,2026-12-20,LATAM,$1.840,1840,2h 40m / 3h 25m / 31h 50m / 13h 0m / 4h 5m / 43h 0m,Kayak
2026-06-03 18:10:16,SCL,BKK,2026-11-20,2026-12-20,LATAM,$1.847,1847,17h 0m / 1h 50m / 44h 35m / 1h 35m / 3h 30m / 31h 0m,Kayak
2026-06-03 18:10:16,SCL,BKK,2026-11-20,2026-12-20,LATAM,$1.847,1847,17h 0m / 1h 50m / 44h 35m / 3h 10m / 3h 30m / 32h 35m,Kayak
2026-06-03 18:10:16,SCL,BKK,2026-11-20,2026-12-20,LATAM,$1.847,1847,17h 0m / 1h 50m / 44h 35m / 2h 30m / 4h 20m / 32h 35m,Kayak
2026-06-03 18:10:16,SCL,BKK,2026-11-20,2026-12-20,Iberia,$1.872,1872,10h 30m / 1h 0m / 37h 25m / 3h 15m / 2h 50m / 35h 0m,Kayak
2026-06-03 18:10:16,SCL,BKK,2026-11-20,2026-12-20,Qatar,$1.887,1887,2h 40m / 15h 10m / 43h 35m / 3h 15m / 2h 50m / 35h 5m,Kayak
2026-06-03 18:10:16,SCL,BKK,2026-11-20,2026-12-20,Qatar,$1.887,1887,2h 40m / 15h 10m / 43h 35m / 4h 5m / 2h 50m / 35h 55m,Kayak
2026-06-03 18:10:16,SCL,BKK,2026-11-20,2026-12-20,Qatar,$1.887,1887,2h 40m / 15h 10m / 43h 35m / 9h 20m / 2h 50m / 41h 10m,Kayak
2026-06-03 18:10:16,SCL,BKK,2026-11-20,2026-12-20,Qatar,$1.887,1887,2h 40m / 15h 10m / 43h 35m / 2h 0m / 10h 10m / 41h 10m,Kayak
2026-06-03 18:10:16,SCL,BKK,2026-11-20,2026-12-20,Qatar,$1.887,1887,2h 40m / 15h 10m / 43h 35m / 10h 20m / 2h 50m / 42h 10m,Kayak
2026-06-03 18:10:16,SCL,BKK,2026-11-20,2026-12-20,Qatar,$1.887,1887,2h 40m / 15h 10m / 43h 35m / 3h 0m / 10h 10m / 42h 10m,Kayak
2026-06-03 18:10:16,SCL,BKK,2026-11-20,2026-12-20,Qatar,$1.894,1894,17h 0m / 0h 50m / 43h 35m / 3h 15m / 2h 50m / 35h 5m,Kayak
2026-06-03 18:10:16,SCL,BKK,2026-11-20,2026-12-20,Qatar,$1.894,1894,17h 0m / 0h 50m / 43h 35m / 4h 5m / 2h 50m / 35h 55m,Kayak
2026-06-03 18:10:16,SCL,BKK,2026-11-20,2026-12-20,Qatar,$1.894,1894,17h 0m / 0h 50m / 43h 35m / 9h 20m / 2h 50m / 41h 10m,Kayak
2026-06-03 18:10:16,SCL,BKK,2026-11-20,2026-12-20,Qatar,$1.894,1894,17h 0m / 0h 50m / 43h 35m / 2h 0m / 10h 10m / 41h 10m,Kayak
2026-06-03 18:10:16,SCL,BKK,2026-11-20,2026-12-20,Qatar,$1.894,1894,17h 0m / 0h 50m / 43h 35m / 3h 0m / 10h 10m / 42h 10m,Kayak
2026-06-03 18:10:16,SCL,BKK,2026-12-04,2026-12-19,LATAM,"1,231",1231,31h 35m,Google Flights
2026-06-03 18:10:16,SCL,BKK,2026-12-04,2026-12-19,Iberia,"1,180",1180,31h 50m,Google Flights
2026-06-03 18:10:16,SCL,BKK,2026-12-04,2026-12-19,LATAM,"1,393",1393,28h 25m,Google Flights
2026-06-03 18:10:16,SCL,BKK,2026-12-04,2026-12-19,Air France,"1,232",1232,34h 25m / 8h 25m,Google Flights
2026-06-03 18:10:16,SCL,BKK,2026-12-04,2026-12-19,Iberia,"1,128",1128,31h 25m,Google Flights
2026-06-03 18:10:16,SCL,BKK,2026-12-04,2026-12-19,LATAM,"1,260",1260,32h 40m,Google Flights
2026-06-03 18:10:16,SCL,BKK,2026-12-04,2026-12-19,LATAM,"1,363",1363,31h 25m,Google Flights
2026-06-03 18:10:16,SCL,BKK,2026-12-04,2026-12-19,Turkish Airlines,"1,227",1227,30h 45m,Google Flights
2026-06-03 18:10:16,SCL,BKK,2026-12-04,2026-12-19,LATAM,"1,114",1114,30h 50m,Google Flights
2026-06-03 18:10:16,SCL,BKK,2026-12-04,2026-12-19,LATAM,"1,231",1231,31h 35m / 31h 35m,Google Flights
2026-06-03 18:10:16,SCL,BKK,2026-12-04,2026-12-19,Iberia,"1,180",1180,31h 50m / 31h 50m,Google Flights
2026-06-03 18:10:16,SCL,BKK,2026-12-04,2026-12-19,LATAM,"1,393",1393,28h 25m / 28h 25m,Google Flights
2026-06-03 18:10:16,SCL,BKK,2026-12-04,2026-12-19,Air France,"1,232",1232,34h 25m / 8h 25m / 34h 25m,Google Flights
2026-06-03 18:10:16,SCL,BKK,2026-12-04,2026-12-19,Iberia,"1,128",1128,31h 25m / 31h 25m,Google Flights
2026-06-03 18:10:16,SCL,BKK,2026-12-04,2026-12-19,LATAM,"1,260",1260,32h 40m / 32h 40m,Google Flights
2026-06-03 18:10:16,SCL,BKK,2026-12-04,2026-12-19,LATAM,"1,363",1363,31h 25m / 31h 25m,Google Flights
2026-06-03 18:10:16,SCL,BKK,2026-12-04,2026-12-19,Turkish Airlines,"1,227",1227,30h 45m / 30h 45m,Google Flights
2026-06-03 18:10:16,SCL,BKK,2026-12-04,2026-12-19,LATAM,"1,114",1114,30h 50m / 30h 50m,Google Flights
2026-06-03 18:10:16,SCL,BKK,2026-12-04,2026-12-19,Qatar,$1.932,1932,2h 40m / 9h 0m / 37h 25m / 2h 15m / 4h 35m / 35h 50m,Kayak
2026-06-03 18:10:16,SCL,BKK,2026-12-04,2026-12-19,LATAM,$1.939,1939,2h 40m / 9h 0m / 37h 25m / 1h 35m / 1h 25m / 28h 55m,Kayak
2026-06-03 18:10:16,SCL,BKK,2026-12-04,2026-12-19,LATAM,$1.939,1939,2h 40m / 9h 0m / 37h 25m / 0h 55m / 2h 15m / 28h 55m,Kayak
2026-06-03 18:10:16,SCL,BKK,2026-12-04,2026-12-19,Otras,$1.980,1980,1h 20m / 20h 0m / 7h 25m / 15h 20m / 5h 45m / 5h 30m,Kayak
2026-06-03 18:10:16,SCL,BKK,2026-12-04,2026-12-19,Otras,$1.980,1980,1h 20m / 20h 0m / 7h 25m / 19h 15m / 5h 45m / 5h 30m,Kayak
2026-06-03 18:10:16,SCL,BKK,2026-12-04,2026-12-19,Otras,$1.980,1980,6h 30m / 20h 0m / 7h 25m / 19h 15m / 5h 45m / 5h 30m,Kayak
2026-06-03 18:10:16,SCL,BKK,2026-12-04,2026-12-19,Qatar,$1.994,1994,4h 55m / 0h 50m / 31h 35m / 2h 15m / 4h 35m / 35h 50m,Kayak
2026-06-03 18:10:16,SCL,BKK,2026-12-04,2026-12-19,Qatar,$1.994,1994,2h 40m / 3h 25m / 31h 50m / 2h 15m / 4h 35m / 35h 50m,Kayak
2026-06-03 18:10:16,SCL,BKK,2026-12-04,2026-12-19,Qatar,$1.999,1999,4h 55m / 0h 50m / 31h 35m / 1h 5m / 6h 25m / 35h 50m,Kayak
2026-06-03 18:10:16,SCL,BKK,2026-12-04,2026-12-19,Qatar,$1.999,1999,2h 40m / 3h 25m / 31h 50m / 1h 5m / 6h 25m / 35h 50m,Kayak
2026-06-03 18:10:16,SCL,BKK,2026-12-04,2026-12-19,LATAM,$1.999,1999,4h 55m / 0h 50m / 31h 35m / 1h 35m / 1h 25m / 28h 55m,Kayak
2026-06-03 18:10:16,SCL,BKK,2026-12-04,2026-12-19,LATAM,$1.999,1999,4h 55m / 0h 50m / 31h 35m / 0h 55m / 2h 15m / 28h 55m,Kayak
2026-06-03 18:10:16,SCL,BKK,2026-12-04,2026-12-19,LATAM,$1.999,1999,2h 40m / 3h 25m / 31h 50m / 0h 55m / 2h 15m / 28h 55m,Kayak
2026-06-03 18:10:16,SCL,BKK,2026-12-04,2026-12-19,LATAM,$1.999,1999,2h 40m / 3h 25m / 31h 50m / 1h 35m / 1h 25m / 28h 55m,Kayak
2026-06-03 18:10:16,SCL,BKK,2026-12-04,2026-12-19,Qatar,$1.999,1999,2h 40m / 9h 0m / 37h 25m / 3h 50m / 4h 35m / 37h 25m,Kayak
2026-06-03 18:10:16,SCL,BKK,2026-12-04,2026-12-19,Qatar,$2.002,2002,2h 40m / 9h 0m / 37h 25m / 2h 40m / 6h 25m / 37h 25m,Kayak
2026-06-03 18:10:16,SCL,BKK,2026-12-04,2026-12-19,LATAM,$2.006,2006,4h 55m / 0h 50m / 31h 35m / 3h 10m / 1h 25m / 30h 30m,Kayak
2026-06-03 18:10:16,SCL,BKK,2026-12-04,2026-12-19,LATAM,$2.006,2006,2h 40m / 3h 25m / 31h 50m / 3h 10m / 1h 25m / 30h 30m,Kayak
2026-06-03 18:10:16,SCL,BKK,2026-12-04,2026-12-19,Qatar,$2.059,2059,4h 55m / 0h 50m / 31h 35m / 2h 40m / 6h 25m / 37h 25m,Kayak
2026-06-03 18:10:16,SCL,BKK,2026-12-04,2026-12-19,Qatar,$2.059,2059,4h 55m / 0h 50m / 31h 35m / 3h 50m / 4h 35m / 37h 25m,Kayak
2026-06-03 18:10:16,SCL,BKK,2026-12-04,2026-12-19,Qatar,$2.059,2059,2h 40m / 3h 25m / 31h 50m / 3h 50m / 4h 35m / 37h 25m,Kayak
2026-06-03 18:10:16,SCL,BKK,2026-12-04,2026-12-19,Qatar,$2.061,2061,2h 40m / 3h 25m / 31h 50m / 2h 40m / 6h 25m / 37h 25m,Kayak
2026-06-03 18:10:16,SCL,BKK,2026-12-04,2026-12-19,LATAM,$2.116,2116,1h 45m / 4h 30m / 31h 15m / 1h 25m / 2h 10m / 29h 0m,Kayak
2026-06-03 18:10:16,SCL,BKK,2026-12-04,2026-12-19,LATAM,$2.116,2116,1h 45m / 5h 15m / 32h 5m / 1h 25m / 2h 10m / 29h 0m,Kayak
2026-06-03 18:10:16,SCL,BKK,2026-12-04,2026-12-19,LATAM,$2.116,2116,1h 45m / 4h 30m / 31h 15m / 2h 10m / 2h 10m / 29h 55m,Kayak
2026-06-03 18:10:16,SCL,BKK,2026-12-04,2026-12-19,LATAM,$2.116,2116,1h 45m / 4h 30m / 31h 15m / 1h 25m / 3h 30m / 30h 30m,Kayak
2026-06-03 18:10:16,SCL,BKK,2026-12-04,2026-12-19,LATAM,$2.116,2116,1h 45m / 5h 15m / 32h 5m / 2h 10m / 2h 10m / 29h 55m,Kayak
2026-06-03 18:10:16,SCL,BKK,2026-12-04,2026-12-19,LATAM,$2.116,2116,1h 45m / 4h 30m / 31h 15m / 3h 10m / 2h 10m / 30h 50m,Kayak
2026-06-03 18:10:16,SCL,BKK,2026-12-04,2026-12-19,LATAM,$2.116,2116,4h 10m / 4h 30m / 33h 40m / 1h 25m / 2h 10m / 29h 0m,Kayak
2026-06-03 18:10:16,SCL,BKK,2026-12-04,2026-12-19,LATAM,$2.116,2116,4h 10m / 4h 30m / 33h 40m / 3h 10m / 2h 10m / 30h 50m,Kayak
2026-06-03 18:10:16,SCL,BKK,2026-12-04,2026-12-19,Iberia,$2.192,2192,2h 40m / 3h 0m / 31h 25m / 2h 15m / 4h 35m / 35h 50m,Kayak
2026-06-03 18:10:16,SCL,BKK,2026-12-04,2026-12-19,Iberia,$2.192,2192,4h 55m / 0h 50m / 31h 35m / 2h 15m / 4h 35m / 35h 50m,Kayak
2026-06-03 18:10:16,SCL,BKK,2026-12-04,2026-12-19,LATAM,$2.213,2213,1h 40m / 1h 30m / 28h 25m / 1h 35m / 1h 25m / 28h 55m,Kayak
2026-06-03 18:10:16,SCL,BKK,2026-12-04,2026-12-19,LATAM,$2.216,2216,1h 40m / 1h 30m / 28h 25m / 3h 10m / 1h 25m / 30h 30m,Kayak
2026-06-03 18:10:16,SCL,BKK,2026-12-04,2026-12-19,Air France,$2.216,2216,8h 25m / 34h 25m / 18h 15m / 44h 40m,Kayak
2026-06-03 18:10:16,SCL,BKK,2026-12-04,2026-12-19,Air France,$2.216,2216,10h 10m / 36h 10m / 18h 15m / 44h 40m,Kayak
2026-06-03 18:10:16,SCL,BKK,2026-12-04,2026-12-19,Qatar,$2.238,2238,2h 40m / 3h 0m / 31h 25m / 2h 15m / 4h 35m / 35h 50m,Kayak
2026-06-03 18:10:16,SCL,BKK,2026-12-04,2026-12-19,LATAM,$2.245,2245,3h 55m / 3h 45m / 32h 40m / 2h 15m / 4h 35m / 35h 50m,Kayak
2026-06-03 18:10:16,SCL,BKK,2026-12-04,2026-12-19,LATAM,$2.249,2249,2h 40m / 3h 0m / 31h 25m / 1h 35m / 1h 25m / 28h 55m,Kayak
2026-06-03 18:10:16,SCL,BKK,2026-12-04,2026-12-19,Air France,$2.258,2258,8h 25m / 34h 25m / 6h 0m / 9h 40m / 42h 55m,Kayak
2026-06-03 18:10:16,SCL,BKK,2026-12-04,2026-12-19,Iberia,$2.357,2357,2h 40m / 3h 0m / 31h 25m / 1h 5m / 6h 25m / 35h 50m,Kayak
2026-06-03 18:10:16,SCL,BKK,2026-12-04,2026-12-19,Air France,$2.362,2362,8h 25m / 34h 25m / 15h 25m / 1h 40m / 44h 50m,Kayak
2026-06-03 18:10:16,SCL,BKK,2026-12-04,2026-12-19,LATAM,$2.364,2364,7h 15m / 4h 10m / 36h 25m / 1h 35m / 1h 25m / 28h 55m,Kayak
2026-06-03 18:10:16,SCL,BKK,2026-12-04,2026-12-19,LATAM,$2.364,2364,8h 10m / 4h 10m / 37h 20m / 1h 35m / 1h 25m / 28h 55m,Kayak
2026-06-03 18:10:16,SCL,BKK,2026-12-04,2026-12-19,LATAM,$2.364,2364,7h 15m / 4h 10m / 36h 25m / 3h 10m / 1h 25m / 30h 30m,Kayak
2026-06-03 18:10:16,SCL,BKK,2026-12-04,2026-12-19,LATAM,$2.364,2364,8h 10m / 4h 10m / 37h 20m / 3h 10m / 1h 25m / 30h 30m,Kayak
2026-06-03 18:10:16,SCL,BKK,2026-12-04,2026-12-19,LATAM,$2.366,2366,7h 15m / 4h 10m / 36h 25m / 13h 0m / 1h 25m / 40h 20m,Kayak
2026-06-03 18:10:16,SCL,BKK,2026-12-04,2026-12-19,LATAM,$2.366,2366,8h 10m / 4h 10m / 37h 20m / 13h 0m / 1h 25m / 40h 20m,Kayak
2026-06-03 18:10:16,SCL,BKK,2026-12-04,2027-01-03,Air France,"1,232",1232,34h 25m / 8h 25m,Google Flights
2026-06-03 18:10:16,SCL,BKK,2026-12-04,2027-01-03,LATAM,"1,363",1363,31h 25m,Google Flights
2026-06-03 18:10:16,SCL,BKK,2026-12-04,2027-01-03,LATAM,"1,310",1310,31h 15m,Google Flights
2026-06-03 18:10:16,SCL,BKK,2026-12-04,2027-01-03,Air France,"1,396",1396,37h 0m,Google Flights
2026-06-03 18:10:16,SCL,BKK,2026-12-04,2027-01-03,Air France,"1,396",1396,37h 0m,Google Flights
2026-06-03 18:10:16,SCL,BKK,2026-12-04,2027-01-03,LATAM,"1,231",1231,31h 35m,Google Flights
2026-06-03 18:10:16,SCL,BKK,2026-12-04,2027-01-03,LATAM,"1,128",1128,31h 25m,Google Flights
2026-06-03 18:10:16,SCL,BKK,2026-12-04,2027-01-03,LATAM,"1,304",1304,35h 5m,Google Flights
2026-06-03 18:10:16,SCL,BKK,2026-12-04,2027-01-03,Turkish Airlines,"1,190",1190,35h 5m,Google Flights
2026-06-03 18:10:16,SCL,BKK,2026-12-04,2027-01-03,Turkish Airlines,"1,227",1227,30h 45m,Google Flights
2026-06-03 18:10:16,SCL,BKK,2026-12-04,2027-01-03,LATAM,"1,393",1393,28h 25m,Google Flights
2026-06-03 18:10:16,SCL,BKK,2026-12-04,2027-01-03,LATAM,"1,114",1114,30h 50m,Google Flights
2026-06-03 18:10:16,SCL,BKK,2026-12-04,2027-01-03,Qatar,"1,693",1693,31h 10m,Google Flights
2026-06-03 18:10:16,SCL,BKK,2026-12-04,2027-01-03,Qatar,"1,765",1765,31h 10m,Google Flights
2026-06-03 18:10:16,SCL,BKK,2026-12-04,2027-01-03,Air France,"1,232",1232,34h 25m / 8h 25m / 34h 25m,Google Flights
2026-06-03 18:10:16,SCL,BKK,2026-12-04,2027-01-03,LATAM,"1,363",1363,31h 25m / 31h 25m,Google Flights
2026-06-03 18:10:16,SCL,BKK,2026-12-04,2027-01-03,LATAM,"1,310",1310,31h 15m / 31h 15m,Google Flights
2026-06-03 18:10:16,SCL,BKK,2026-12-04,2027-01-03,Air France,"1,396",1396,37h 0m / 37h 0m,Google Flights
2026-06-03 18:10:16,SCL,BKK,2026-12-04,2027-01-03,Air France,"1,396",1396,37h 0m / 37h 0m,Google Flights
2026-06-03 18:10:16,SCL,BKK,2026-12-04,2027-01-03,LATAM,"1,231",1231,31h 35m / 31h 35m,Google Flights
2026-06-03 18:10:16,SCL,BKK,2026-12-04,2027-01-03,LATAM,"1,128",1128,31h 25m / 31h 25m,Google Flights
2026-06-03 18:10:16,SCL,BKK,2026-12-04,2027-01-03,LATAM,"1,304",1304,35h 5m / 35h 5m,Google Flights
2026-06-03 18:10:16,SCL,BKK,2026-12-04,2027-01-03,Turkish Airlines,"1,190",1190,35h 5m / 35h 5m,Google Flights
2026-06-03 18:10:16,SCL,BKK,2026-12-04,2027-01-03,Turkish Airlines,"1,227",1227,30h 45m / 30h 45m,Google Flights
2026-06-03 18:10:16,SCL,BKK,2026-12-04,2027-01-03,LATAM,"1,393",1393,28h 25m / 28h 25m,Google Flights
2026-06-03 18:10:16,SCL,BKK,2026-12-04,2027-01-03,LATAM,"1,114",1114,30h 50m / 30h 50m,Google Flights
2026-06-03 18:10:16,SCL,BKK,2026-12-04,2027-01-03,Qatar,"1,693",1693,31h 10m / 31h 10m,Google Flights
2026-06-03 18:10:16,SCL,BKK,2026-12-04,2027-01-03,Qatar,"1,765",1765,31h 10m / 31h 10m,Google Flights
2026-06-03 18:10:16,SCL,BKK,2026-12-04,2027-01-03,LATAM,$1.865,1865,7h 15m / 4h 10m / 36h 25m / 2h 20m / 4h 35m / 32h 50m,Kayak
2026-06-03 18:10:16,SCL,BKK,2026-12-04,2027-01-03,LATAM,$1.883,1883,6h 20m / 1h 30m / 33h 5m / 2h 20m / 4h 35m / 32h 50m,Kayak
2026-06-03 18:10:16,SCL,BKK,2026-12-04,2027-01-03,LATAM,$1.883,1883,14h 55m / 4h 10m / 44h 20m / 2h 20m / 4h 35m / 32h 50m,Kayak
2026-06-03 18:10:16,SCL,BKK,2026-12-04,2027-01-03,LATAM,$1.905,1905,7h 15m / 4h 10m / 36h 25m / 2h 20m / 5h 5m / 4h 36m / 39h 0m,Kayak
2026-06-03 18:10:16,SCL,BKK,2026-12-04,2027-01-03,LATAM,$1.922,1922,6h 20m / 1h 30m / 33h 5m / 2h 20m / 5h 5m / 4h 36m / 39h 0m,Kayak
2026-06-03 18:10:16,SCL,BKK,2026-12-04,2027-01-03,LATAM,$1.922,1922,14h 55m / 4h 10m / 44h 20m / 2h 20m / 5h 5m / 4h 36m / 39h 0m,Kayak
2026-06-03 18:10:16,SCL,BKK,2026-12-04,2027-01-03,LATAM,$1.924,1924,7h 15m / 4h 10m / 36h 25m / 1h 20m / 4h 35m / 31h 50m,Kayak
2026-06-03 18:10:16,SCL,BKK,2026-12-04,2027-01-03,LATAM,$1.928,1928,3h 55m / 4h 10m / 33h 5m / 2h 20m / 4h 35m / 32h 50m,Kayak
2026-06-03 18:10:16,SCL,BKK,2026-12-04,2027-01-03,LATAM,$1.941,1941,6h 20m / 1h 30m / 33h 5m / 1h 20m / 4h 35m / 31h 50m,Kayak
2026-06-03 18:10:16,SCL,BKK,2026-12-04,2027-01-03,LATAM,$1.941,1941,14h 55m / 4h 10m / 44h 20m / 1h 20m / 4h 35m / 31h 50m,Kayak
2026-06-03 18:10:16,SCL,BKK,2026-12-04,2027-01-03,LATAM,$1.953,1953,3h 55m / 4h 10m / 33h 5m / 2h 20m / 5h 5m / 4h 36m / 39h 0m,Kayak
2026-06-03 18:10:16,SCL,BKK,2026-12-04,2027-01-03,LATAM,$1.964,1964,7h 15m / 4h 10m / 36h 25m / 1h 20m / 5h 5m / 4h 36m / 38h 0m,Kayak
2026-06-03 18:10:16,SCL,BKK,2026-12-04,2027-01-03,LATAM,$1.981,1981,6h 20m / 1h 30m / 33h 5m / 1h 20m / 5h 5m / 4h 36m / 38h 0m,Kayak
2026-06-03 18:10:16,SCL,BKK,2026-12-04,2027-01-03,LATAM,$1.981,1981,14h 55m / 4h 10m / 44h 20m / 1h 20m / 5h 5m / 4h 36m / 38h 0m,Kayak
2026-06-03 18:10:16,SCL,BKK,2026-12-04,2027-01-03,LATAM,$1.987,1987,3h 55m / 4h 10m / 33h 5m / 1h 20m / 4h 35m / 31h 50m,Kayak
2026-06-03 18:10:16,SCL,BKK,2026-12-04,2027-01-03,LATAM,$2.012,2012,3h 55m / 4h 10m / 33h 5m / 1h 20m / 5h 5m / 4h 36m / 38h 0m,Kayak
2026-06-03 18:10:16,SCL,BKK,2026-12-04,2027-01-03,LATAM,$2.020,2020,3h 55m / 3h 45m / 32h 40m / 2h 20m / 4h 35m / 32h 50m,Kayak
2026-06-03 18:10:16,SCL,BKK,2026-12-04,2027-01-03,LATAM,$2.045,2045,3h 55m / 3h 45m / 32h 40m / 2h 20m / 5h 5m / 4h 36m / 39h 0m,Kayak
2026-06-03 18:10:16,SCL,BKK,2026-12-04,2027-01-03,LATAM,$2.079,2079,3h 55m / 3h 45m / 32h 40m / 1h 20m / 4h 35m / 31h 50m,Kayak
2026-06-03 18:10:16,SCL,BKK,2026-12-04,2027-01-03,Qatar,$2.079,2079,9h 55m / 7h 55m / 43h 35m / 7h 45m / 1h 35m / 37h 50m,Kayak
2026-06-03 18:10:16,SCL,BKK,2026-12-04,2027-01-03,Air France,$2.095,2095,8h 25m / 34h 25m / 4h 45m / 31h 10m,Kayak
2026-06-03 18:10:16,SCL,BKK,2026-12-04,2027-01-03,Air France,$2.095,2095,10h 10m / 36h 10m / 4h 45m / 31h 10m,Kayak
2026-06-03 18:10:16,SCL,BKK,2026-12-04,2027-01-03,LATAM,$2.100,2100,2h 40m / 9h 0m / 37h 25m / 1h 35m / 3h 30m / 31h 0m,Kayak
2026-06-03 18:10:16,SCL,BKK,2026-12-04,2027-01-03,LATAM,$2.102,2102,2h 40m / 9h 0m / 37h 25m / 1h 35m / 4h 5m / 31h 35m,Kayak
2026-06-03 18:10:16,SCL,BKK,2026-12-04,2027-01-03,LATAM,$2.102,2102,2h 40m / 9h 0m / 37h 25m / 3h 10m / 3h 30m / 32h 35m,Kayak
2026-06-03 18:10:16,SCL,BKK,2026-12-04,2027-01-03,LATAM,$2.102,2102,2h 40m / 9h 0m / 37h 25m / 2h 30m / 4h 20m / 32h 35m,Kayak
2026-06-03 18:10:16,SCL,BKK,2026-12-04,2027-01-03,LATAM,$2.102,2102,2h 40m / 9h 0m / 37h 25m / 3h 10m / 4h 5m / 33h 10m,Kayak
2026-06-03 18:10:16,SCL,BKK,2026-12-04,2027-01-03,LATAM,$2.102,2102,9h 55m / 7h 55m / 43h 35m / 1h 35m / 3h 30m / 31h 0m,Kayak
2026-06-03 18:10:16,SCL,BKK,2026-12-04,2027-01-03,LATAM,$2.102,2102,9h 55m / 7h 55m / 43h 35m / 1h 35m / 4h 5m / 31h 35m,Kayak
2026-06-03 18:10:16,SCL,BKK,2026-12-04,2027-01-03,LATAM,$2.102,2102,9h 55m / 7h 55m / 43h 35m / 3h 10m / 3h 30m / 32h 35m,Kayak
2026-06-03 18:10:16,SCL,BKK,2026-12-04,2027-01-03,LATAM,$2.102,2102,9h 55m / 7h 55m / 43h 35m / 2h 30m / 4h 20m / 32h 35m,Kayak
2026-06-03 18:10:16,SCL,BKK,2026-12-04,2027-01-03,LATAM,$2.102,2102,9h 55m / 7h 55m / 43h 35m / 3h 10m / 4h 5m / 33h 10m,Kayak
2026-06-03 18:10:16,SCL,BKK,2026-12-04,2027-01-03,LATAM,$2.103,2103,3h 55m / 3h 45m / 32h 40m / 1h 20m / 5h 5m / 4h 36m / 38h 0m,Kayak
2026-06-03 18:10:16,SCL,BKK,2026-12-04,2027-01-03,LATAM,$2.104,2104,2h 40m / 15h 10m / 43h 35m / 1h 35m / 3h 30m / 31h 0m,Kayak
2026-06-03 18:10:16,SCL,BKK,2026-12-04,2027-01-03,LATAM,$2.104,2104,2h 40m / 15h 10m / 43h 35m / 1h 35m / 4h 5m / 31h 35m,Kayak
2026-06-03 18:10:16,SCL,BKK,2026-12-04,2027-01-03,LATAM,$2.104,2104,2h 40m / 9h 0m / 37h 25m / 13h 0m / 3h 30m / 42h 25m,Kayak
2026-06-03 18:10:16,SCL,BKK,2026-12-04,2027-01-03,LATAM,$2.104,2104,2h 40m / 9h 0m / 37h 25m / 13h 0m / 4h 5m / 43h 0m,Kayak
2026-06-03 18:10:16,SCL,BKK,2026-12-04,2027-01-03,LATAM,$2.104,2104,9h 55m / 7h 55m / 43h 35m / 13h 0m / 3h 30m / 42h 25m,Kayak
2026-06-03 18:10:16,SCL,BKK,2026-12-04,2027-01-03,LATAM,$2.112,2112,17h 0m / 0h 50m / 43h 35m / 1h 35m / 3h 30m / 31h 0m,Kayak
2026-06-03 18:10:16,SCL,BKK,2026-12-04,2027-01-03,LATAM,$2.112,2112,17h 0m / 0h 50m / 43h 35m / 1h 35m / 4h 5m / 31h 35m,Kayak
2026-06-03 18:10:16,SCL,BKK,2026-12-04,2027-01-03,Qatar,$2.118,2118,2h 40m / 9h 0m / 37h 25m / 7h 45m / 1h 35m / 37h 50m,Kayak
2026-06-03 18:10:16,SCL,BKK,2026-12-04,2027-01-03,Air France,$2.135,2135,2h 15m / 7h 20m / 37h 0m / 4h 45m / 31h 10m,Kayak
2026-06-03 18:10:16,SCL,BKK,2026-12-04,2027-01-03,Air France,$2.137,2137,8h 35m / 1h 5m / 37h 0m / 4h 45m / 31h 10m,Kayak
2026-06-03 18:10:16,SCL,BKK,2026-12-04,2027-01-03,Air France,$2.137,2137,3h 10m / 6h 25m / 37h 0m / 4h 45m / 31h 10m,Kayak
2026-06-03 18:10:16,SCL,BKK,2026-12-04,2027-01-03,Air France,$2.137,2137,3h 45m / 5h 50m / 37h 0m / 4h 45m / 31h 10m,Kayak
2026-06-03 18:10:16,SCL,BKK,2026-12-04,2027-01-03,Air France,$2.137,2137,4h 25m / 5h 15m / 37h 0m / 4h 45m / 31h 10m,Kayak
2026-06-03 18:10:16,SCL,BKK,2026-12-04,2027-01-03,Qatar,$2.137,2137,2h 40m / 9h 0m / 37h 25m / 3h 50m / 1h 35m / 33h 40m,Kayak
2026-06-03 18:10:16,SCL,BKK,2026-12-04,2027-01-03,Qatar,$2.137,2137,9h 55m / 7h 55m / 43h 35m / 3h 50m / 1h 35m / 33h 40m,Kayak
2026-06-03 18:10:16,SCL,BKK,2026-12-04,2027-01-03,Air France,$2.141,2141,1h 15m / 8h 20m / 37h 0m / 4h 45m / 31h 10m,Kayak
2026-06-03 18:10:16,SCL,BKK,2026-12-18,2027-01-02,LATAM,"1,133",1133,33h 55m / 9h 10m,Google Flights
2026-06-03 18:10:16,SCL,BKK,2026-12-18,2027-01-02,LATAM,"1,312",1312,33h 5m,Google Flights
2026-06-03 18:10:16,SCL,BKK,2026-12-18,2027-01-02,LATAM,"1,310",1310,31h 15m,Google Flights
2026-06-03 18:10:16,SCL,BKK,2026-12-18,2027-01-02,LATAM,"1,114",1114,30h 50m,Google Flights
2026-06-03 18:10:16,SCL,BKK,2026-12-18,2027-01-02,LATAM,"1,393",1393,33h 5m,Google Flights
2026-06-03 18:10:16,SCL,BKK,2026-12-18,2027-01-02,LATAM,"1,363",1363,31h 25m,Google Flights
2026-06-03 18:10:16,SCL,BKK,2026-12-18,2027-01-02,LATAM,"1,304",1304,35h 5m,Google Flights
2026-06-03 18:10:16,SCL,BKK,2026-12-18,2027-01-02,LATAM,"1,260",1260,32h 40m,Google Flights
2026-06-03 18:10:16,SCL,BKK,2026-12-18,2027-01-02,LATAM,"1,281",1281,31h 55m,Google Flights
2026-06-03 18:10:16,SCL,BKK,2026-12-18,2027-01-02,LATAM,"1,135",1135,32h 15m,Google Flights
2026-06-03 18:10:16,SCL,BKK,2026-12-18,2027-01-02,LATAM,"1,231",1231,31h 35m,Google Flights
2026-06-03 18:10:16,SCL,BKK,2026-12-18,2027-01-02,LATAM,"1,128",1128,31h 25m,Google Flights
2026-06-03 18:10:16,SCL,BKK,2026-12-18,2027-01-02,LATAM,"1,122",1122,35h 15m,Google Flights
2026-06-03 18:10:16,SCL,BKK,2026-12-18,2027-01-02,LATAM,"1,281",1281,31h 5m,Google Flights
2026-06-03 18:10:16,SCL,BKK,2026-12-18,2027-01-02,Air France,"1,232",1232,34h 25m / 8h 25m,Google Flights
2026-06-03 18:10:16,SCL,BKK,2026-12-18,2027-01-02,Turkish Airlines,"1,227",1227,30h 45m,Google Flights
2026-06-03 18:10:16,SCL,BKK,2026-12-18,2027-01-02,LATAM,"1,393",1393,28h 25m,Google Flights
2026-06-03 18:10:16,SCL,BKK,2026-12-18,2027-01-02,LATAM,"1,077",1077,32h 55m / 8h 10m,Google Flights
2026-06-03 18:10:16,SCL,BKK,2026-12-18,2027-01-02,LATAM,"1,133",1133,33h 55m / 9h 10m / 33h 55m,Google Flights
2026-06-03 18:10:16,SCL,BKK,2026-12-18,2027-01-02,LATAM,"1,312",1312,33h 5m / 33h 5m,Google Flights
2026-06-03 18:10:16,SCL,BKK,2026-12-18,2027-01-02,LATAM,"1,310",1310,31h 15m / 31h 15m,Google Flights
2026-06-03 18:10:16,SCL,BKK,2026-12-18,2027-01-02,LATAM,"1,114",1114,30h 50m / 30h 50m,Google Flights
2026-06-03 18:10:16,SCL,BKK,2026-12-18,2027-01-02,LATAM,"1,393",1393,33h 5m / 33h 5m,Google Flights
2026-06-03 18:10:16,SCL,BKK,2026-12-18,2027-01-02,LATAM,"1,363",1363,31h 25m / 31h 25m,Google Flights
2026-06-03 18:10:16,SCL,BKK,2026-12-18,2027-01-02,LATAM,"1,304",1304,35h 5m / 35h 5m,Google Flights
2026-06-03 18:10:16,SCL,BKK,2026-12-18,2027-01-02,LATAM,"1,260",1260,32h 40m / 32h 40m,Google Flights
2026-06-03 18:10:16,SCL,BKK,2026-12-18,2027-01-02,LATAM,"1,281",1281,31h 55m / 31h 55m,Google Flights
2026-06-03 18:10:16,SCL,BKK,2026-12-18,2027-01-02,LATAM,"1,135",1135,32h 15m / 32h 15m,Google Flights
2026-06-03 18:10:16,SCL,BKK,2026-12-18,2027-01-02,LATAM,"1,231",1231,31h 35m / 31h 35m,Google Flights
2026-06-03 18:10:16,SCL,BKK,2026-12-18,2027-01-02,LATAM,"1,128",1128,31h 25m / 31h 25m,Google Flights
2026-06-03 18:10:16,SCL,BKK,2026-12-18,2027-01-02,LATAM,"1,122",1122,35h 15m / 35h 15m,Google Flights
2026-06-03 18:10:16,SCL,BKK,2026-12-18,2027-01-02,LATAM,"1,281",1281,31h 5m / 31h 5m,Google Flights
2026-06-03 18:10:16,SCL,BKK,2026-12-18,2027-01-02,Air France,"1,232",1232,34h 25m / 8h 25m / 34h 25m,Google Flights
2026-06-03 18:10:16,SCL,BKK,2026-12-18,2027-01-02,Turkish Airlines,"1,227",1227,30h 45m / 30h 45m,Google Flights
2026-06-03 18:10:16,SCL,BKK,2026-12-18,2027-01-02,LATAM,"1,393",1393,28h 25m / 28h 25m,Google Flights
2026-06-03 18:10:16,SCL,BKK,2026-12-18,2027-01-02,LATAM,"1,077",1077,32h 55m / 8h 10m / 32h 55m,Google Flights
2026-06-03 18:10:16,SCL,BKK,2026-12-18,2027-01-02,LATAM,$1.988,1988,14h 55m / 15h 55m / 2h 20m / 4h 35m / 32h 50m,Kayak
2026-06-03 18:10:16,SCL,BKK,2026-12-18,2027-01-02,LATAM,$1.996,1996,14h 55m / 15h 55m / 2h 20m / 3h 15m / 31h 30m,Kayak
2026-06-03 18:10:16,SCL,BKK,2026-12-18,2027-01-02,LATAM,$2.022,2022,3h 55m / 15h 55m / 44h 50m / 2h 20m / 4h 35m / 32h 50m,Kayak
2026-06-03 18:10:16,SCL,BKK,2026-12-18,2027-01-02,LATAM,$2.031,2031,3h 55m / 15h 55m / 44h 50m / 2h 20m / 3h 15m / 31h 30m,Kayak
2026-06-03 18:10:16,SCL,BKK,2026-12-18,2027-01-02,LATAM,$2.045,2045,14h 55m / 15h 55m / 2h 20m / 5h 5m / 4h 36m / 39h 0m,Kayak
2026-06-03 18:10:16,SCL,BKK,2026-12-18,2027-01-02,LATAM,$2.077,2077,3h 55m / 15h 55m / 44h 50m / 2h 20m / 5h 5m / 4h 36m / 39h 0m,Kayak
2026-06-03 18:10:16,SCL,BKK,2026-12-18,2027-01-02,LATAM,$2.105,2105,14h 55m / 15h 55m / 2h 20m / 6h 10m / 18h 35m,Kayak
2026-06-03 18:10:16,SCL,BKK,2026-12-18,2027-01-02,LATAM,$2.121,2121,14h 55m / 15h 55m / 1h 20m / 4h 35m / 31h 50m,Kayak
2026-06-03 18:10:16,SCL,BKK,2026-12-18,2027-01-02,LATAM,$2.129,2129,14h 55m / 15h 55m / 1h 20m / 3h 15m / 30h 30m,Kayak
2026-06-03 18:10:16,SCL,BKK,2026-12-18,2027-01-02,LATAM,$2.155,2155,3h 55m / 15h 55m / 44h 50m / 1h 20m / 4h 35m / 31h 50m,Kayak
2026-06-03 18:10:16,SCL,BKK,2026-12-18,2027-01-02,LATAM,$2.163,2163,3h 55m / 15h 55m / 44h 50m / 1h 20m / 3h 15m / 30h 30m,Kayak
2026-06-03 18:10:16,SCL,BKK,2026-12-18,2027-01-02,LATAM,$2.178,2178,14h 55m / 15h 55m / 1h 20m / 5h 5m / 4h 36m / 38h 0m,Kayak
2026-06-03 18:10:16,SCL,BKK,2026-12-18,2027-01-02,LATAM,$2.210,2210,3h 55m / 15h 55m / 44h 50m / 1h 20m / 5h 5m / 4h 36m / 38h 0m,Kayak
2026-06-03 18:10:16,SCL,BKK,2026-12-18,2027-01-02,LATAM,$2.238,2238,14h 55m / 15h 55m / 1h 20m / 6h 10m / 18h 35m,Kayak
2026-06-03 18:10:16,SCL,BKK,2026-12-18,2027-01-02,LATAM,$2.311,2311,14h 55m / 15h 55m / 2h 20m / 6h 35m / 34h 50m,Kayak
2026-06-03 18:10:16,SCL,BKK,2026-12-18,2027-01-02,Iberia,$2.333,2333,10h 30m / 1h 0m / 37h 25m / 2h 15m / 4h 35m / 35h 50m,Kayak
2026-06-03 18:10:16,SCL,BKK,2026-12-18,2027-01-02,LATAM,$2.344,2344,3h 55m / 15h 55m / 44h 50m / 2h 20m / 6h 35m / 34h 50m,Kayak
2026-06-03 18:10:16,SCL,BKK,2026-12-18,2027-01-02,Iberia,$2.428,2428,10h 30m / 1h 0m / 37h 25m / 2h 50m / 3h 4m / 34h 15m,Kayak
2026-06-03 18:10:16,SCL,BKK,2026-12-18,2027-01-02,Iberia,$2.428,2428,10h 30m / 1h 0m / 37h 25m / 1h 5m / 6h 25m / 35h 50m,Kayak
2026-06-03 18:10:16,SCL,BKK,2026-12-18,2027-01-02,LATAM,$2.444,2444,14h 55m / 15h 55m / 1h 20m / 6h 35m / 33h 50m,Kayak
2026-06-03 18:10:16,SCL,BKK,2026-12-18,2027-01-02,LATAM,$2.476,2476,3h 55m / 15h 55m / 44h 50m / 1h 20m / 6h 35m / 33h 50m,Kayak
2026-06-03 18:10:16,SCL,BKK,2026-12-18,2027-01-02,Iberia,$2.513,2513,2h 40m / 3h 0m / 31h 25m / 2h 15m / 4h 35m / 35h 50m,Kayak
2026-06-03 18:10:16,SCL,BKK,2026-12-18,2027-01-02,Iberia,$2.549,2549,2h 40m / 3h 0m / 31h 25m / 2h 50m / 3h 4m / 34h 15m,Kayak
2026-06-03 18:10:16,SCL,BKK,2026-12-18,2027-01-02,Iberia,$2.549,2549,2h 40m / 3h 0m / 31h 25m / 1h 5m / 6h 25m / 35h 50m,Kayak
2026-06-03 18:10:16,SCL,BKK,2026-12-18,2027-01-02,Iberia,$2.643,2643,4h 55m / 0h 50m / 31h 35m / 2h 15m / 4h 35m / 35h 50m,Kayak
2026-06-03 18:10:16,SCL,BKK,2026-12-18,2027-01-02,Iberia,$2.691,2691,4h 55m / 0h 50m / 31h 35m / 2h 50m / 3h 4m / 34h 15m,Kayak
2026-06-03 18:10:16,SCL,BKK,2026-12-18,2027-01-02,Iberia,$2.691,2691,4h 55m / 0h 50m / 31h 35m / 1h 5m / 6h 25m / 35h 50m,Kayak
2026-06-03 18:10:16,SCL,BKK,2026-12-18,2027-01-02,LATAM,$2.700,2700,6h 20m / 1h 30m / 33h 5m / 2h 20m / 4h 35m / 32h 50m,Kayak
2026-06-03 18:10:16,SCL,BKK,2026-12-18,2027-01-02,LATAM,$2.707,2707,5h 45m / 3h 15m / 33h 55m / 3h 10m / 3h 55m / 32h 50m,Kayak
2026-06-03 18:10:16,SCL,BKK,2026-12-18,2027-01-02,LATAM,$2.709,2709,6h 20m / 1h 30m / 33h 5m / 2h 20m / 3h 15m / 31h 30m,Kayak
2026-06-03 18:10:16,SCL,BKK,2026-12-18,2027-01-02,LATAM,$2.731,2731,1h 45m / 4h 25m / 31h 40m / 3h 15m / 4h 10m / 31h 35m,Kayak
2026-06-03 18:10:16,SCL,BKK,2026-12-18,2027-01-02,LATAM,$2.757,2757,6h 20m / 1h 30m / 33h 5m / 2h 20m / 5h 5m / 4h 36m / 39h 0m,Kayak
2026-06-03 18:10:16,SCL,BKK,2026-12-18,2027-01-02,LATAM,$2.788,2788,5h 45m / 3h 15m / 33h 55m / 3h 10m / 2h 35m / 31h 30m,Kayak
2026-06-03 18:10:16,SCL,BKK,2026-12-18,2027-01-17,LATAM,"1,312",1312,33h 5m,Google Flights
2026-06-03 18:10:16,SCL,BKK,2026-12-18,2027-01-17,LATAM,"1,128",1128,31h 25m,Google Flights
2026-06-03 18:10:16,SCL,BKK,2026-12-18,2027-01-17,LATAM,"1,133",1133,33h 55m / 9h 10m,Google Flights
2026-06-03 18:10:16,SCL,BKK,2026-12-18,2027-01-17,LATAM,"1,260",1260,32h 40m,Google Flights
2026-06-03 18:10:16,SCL,BKK,2026-12-18,2027-01-17,LATAM,"1,363",1363,31h 25m,Google Flights
2026-06-03 18:10:16,SCL,BKK,2026-12-18,2027-01-17,LATAM,"1,231",1231,31h 35m,Google Flights
2026-06-03 18:10:16,SCL,BKK,2026-12-18,2027-01-17,LATAM,"1,427",1427,33h 55m,Google Flights
2026-06-03 18:10:16,SCL,BKK,2026-12-18,2027-01-17,LATAM,"1,393",1393,28h 25m,Google Flights
2026-06-03 18:10:16,SCL,BKK,2026-12-18,2027-01-17,LATAM,"1,318",1318,31h 50m,Google Flights
2026-06-03 18:10:16,SCL,BKK,2026-12-18,2027-01-17,Air France,"1,232",1232,34h 25m / 8h 25m,Google Flights
2026-06-03 18:10:16,SCL,BKK,2026-12-18,2027-01-17,LATAM,"1,114",1114,30h 50m,Google Flights
2026-06-03 18:10:16,SCL,BKK,2026-12-18,2027-01-17,Turkish Airlines,"1,227",1227,30h 45m,Google Flights
2026-06-03 18:10:16,SCL,BKK,2026-12-18,2027-01-17,LATAM,"1,312",1312,33h 5m / 33h 5m,Google Flights
2026-06-03 18:10:16,SCL,BKK,2026-12-18,2027-01-17,LATAM,"1,128",1128,31h 25m / 31h 25m,Google Flights
2026-06-03 18:10:16,SCL,BKK,2026-12-18,2027-01-17,LATAM,"1,133",1133,33h 55m / 9h 10m / 33h 55m,Google Flights
2026-06-03 18:10:16,SCL,BKK,2026-12-18,2027-01-17,LATAM,"1,260",1260,32h 40m / 32h 40m,Google Flights
2026-06-03 18:10:16,SCL,BKK,2026-12-18,2027-01-17,LATAM,"1,363",1363,31h 25m / 31h 25m,Google Flights
2026-06-03 18:10:16,SCL,BKK,2026-12-18,2027-01-17,LATAM,"1,231",1231,31h 35m / 31h 35m,Google Flights
2026-06-03 18:10:16,SCL,BKK,2026-12-18,2027-01-17,LATAM,"1,427",1427,33h 55m / 5h 45m / 3h 15m / 33h 55m,Google Flights
2026-06-03 18:10:16,SCL,BKK,2026-12-18,2027-01-17,LATAM,"1,393",1393,28h 25m / 28h 25m,Google Flights
2026-06-03 18:10:16,SCL,BKK,2026-12-18,2027-01-17,LATAM,"1,318",1318,31h 50m / 31h 50m,Google Flights
2026-06-03 18:10:16,SCL,BKK,2026-12-18,2027-01-17,Air France,"1,232",1232,34h 25m / 8h 25m / 34h 25m,Google Flights
2026-06-03 18:10:16,SCL,BKK,2026-12-18,2027-01-17,LATAM,"1,114",1114,30h 50m / 30h 50m,Google Flights
2026-06-03 18:10:16,SCL,BKK,2026-12-18,2027-01-17,Turkish Airlines,"1,227",1227,30h 45m / 30h 45m,Google Flights
2026-06-03 18:10:16,SCL,BKK,2026-12-18,2027-01-17,Iberia,$2.070,2070,10h 30m / 1h 0m / 37h 25m / 3h 15m / 2h 50m / 35h 0m,Kayak
2026-06-03 18:10:16,SCL,BKK,2026-12-18,2027-01-17,Iberia,$2.073,2073,10h 30m / 1h 0m / 37h 25m / 2h 50m / 3h 4m / 34h 15m,Kayak
2026-06-03 18:10:16,SCL,BKK,2026-12-18,2027-01-17,LATAM,$2.142,2142,3h 55m / 10h 35m / 39h 30m / 4h 5m / 2h 50m / 35h 55m,Kayak
2026-06-03 18:10:16,SCL,BKK,2026-12-18,2027-01-17,LATAM,$2.144,2144,3h 55m / 10h 35m / 39h 30m / 3h 40m / 3h 4m / 35h 5m,Kayak
2026-06-03 18:10:16,SCL,BKK,2026-12-18,2027-01-17,LATAM,$2.195,2195,3h 55m / 4h 10m / 33h 5m / 4h 5m / 2h 50m / 35h 55m,Kayak
2026-06-03 18:10:16,SCL,BKK,2026-12-18,2027-01-17,LATAM,$2.197,2197,7h 15m / 4h 10m / 36h 25m / 4h 5m / 2h 50m / 35h 55m,Kayak
2026-06-03 18:10:16,SCL,BKK,2026-12-18,2027-01-17,LATAM,$2.197,2197,8h 10m / 4h 10m / 37h 20m / 4h 5m / 2h 50m / 35h 55m,Kayak
2026-06-03 18:10:16,SCL,BKK,2026-12-18,2027-01-17,LATAM,$2.197,2197,10h 15m / 4h 10m / 39h 40m / 4h 5m / 2h 50m / 35h 55m,Kayak
2026-06-03 18:10:16,SCL,BKK,2026-12-18,2027-01-17,LATAM,$2.197,2197,3h 55m / 4h 10m / 33h 5m / 3h 40m / 3h 4m / 35h 5m,Kayak
2026-06-03 18:10:16,SCL,BKK,2026-12-18,2027-01-17,LATAM,$2.199,2199,7h 15m / 4h 10m / 36h 25m / 3h 40m / 3h 4m / 35h 5m,Kayak
2026-06-03 18:10:16,SCL,BKK,2026-12-18,2027-01-17,LATAM,$2.199,2199,8h 10m / 4h 10m / 37h 20m / 3h 40m / 3h 4m / 35h 5m,Kayak
2026-06-03 18:10:16,SCL,BKK,2026-12-18,2027-01-17,LATAM,$2.199,2199,10h 15m / 4h 10m / 39h 40m / 3h 40m / 3h 4m / 35h 5m,Kayak
2026-06-03 18:10:16,SCL,BKK,2026-12-18,2027-01-17,LATAM,$2.204,2204,3h 55m / 10h 35m / 39h 30m / 2h 50m / 3h 4m / 34h 15m,Kayak
2026-06-03 18:10:16,SCL,BKK,2026-12-18,2027-01-17,Iberia,$2.215,2215,10h 30m / 7h 10m / 43h 35m / 3h 15m / 2h 50m / 35h 0m,Kayak
2026-06-03 18:10:16,SCL,BKK,2026-12-18,2027-01-17,Iberia,$2.215,2215,10h 30m / 7h 10m / 43h 35m / 4h 5m / 2h 50m / 35h 50m,Kayak
2026-06-03 18:10:16,SCL,BKK,2026-12-18,2027-01-17,Iberia,$2.215,2215,10h 30m / 7h 10m / 43h 35m / 9h 20m / 2h 50m / 41h 5m,Kayak
2026-06-03 18:10:16,SCL,BKK,2026-12-18,2027-01-17,Iberia,$2.215,2215,10h 30m / 7h 10m / 43h 35m / 2h 0m / 10h 10m / 41h 5m,Kayak
2026-06-03 18:10:16,SCL,BKK,2026-12-18,2027-01-17,Iberia,$2.215,2215,10h 30m / 7h 10m / 43h 35m / 3h 0m / 10h 10m / 42h 5m,Kayak
2026-06-03 18:10:16,SCL,BKK,2026-12-18,2027-01-17,Iberia,$2.215,2215,10h 30m / 7h 10m / 43h 35m / 10h 20m / 2h 50m / 42h 5m,Kayak
2026-06-03 18:10:16,SCL,BKK,2026-12-18,2027-01-17,Iberia,$2.218,2218,10h 30m / 7h 10m / 43h 35m / 2h 50m / 3h 4m / 34h 15m,Kayak
2026-06-03 18:10:16,SCL,BKK,2026-12-18,2027-01-17,Iberia,$2.218,2218,10h 30m / 7h 10m / 43h 35m / 3h 40m / 3h 4m / 35h 5m,Kayak
2026-06-03 18:10:16,SCL,BKK,2026-12-18,2027-01-17,Iberia,$2.218,2218,10h 30m / 7h 10m / 43h 35m / 8h 55m / 3h 4m / 40h 20m,Kayak
2026-06-03 18:10:16,SCL,BKK,2026-12-18,2027-01-17,Iberia,$2.218,2218,10h 30m / 7h 10m / 43h 35m / 1h 50m / 10h 9m / 40h 20m,Kayak
2026-06-03 18:10:16,SCL,BKK,2026-12-18,2027-01-17,Iberia,$2.218,2218,10h 30m / 7h 10m / 43h 35m / 2h 50m / 10h 9m / 41h 20m,Kayak
2026-06-03 18:10:16,SCL,BKK,2026-12-18,2027-01-17,Iberia,$2.218,2218,10h 30m / 7h 10m / 43h 35m / 9h 55m / 3h 4m / 41h 20m,Kayak
2026-06-03 18:10:16,SCL,BKK,2026-12-18,2027-01-17,Iberia,$2.225,2225,2h 40m / 3h 0m / 31h 25m / 3h 15m / 2h 50m / 35h 0m,Kayak
2026-06-03 18:10:16,SCL,BKK,2026-12-18,2027-01-17,Iberia,$2.227,2227,10h 30m / 7h 10m / 43h 35m / 7h 45m / 1h 35m / 37h 50m,Kayak
2026-06-03 18:10:16,SCL,BKK,2026-12-18,2027-01-17,Iberia,$2.232,2232,10h 30m / 1h 0m / 37h 25m / 3h 15m / 2h 50m / 35h 5m,Kayak
2026-06-03 18:10:16,SCL,BKK,2026-12-18,2027-01-17,Iberia,$2.234,2234,10h 30m / 1h 0m / 37h 25m / 2h 50m / 3h 4m / 34h 15m,Kayak
2026-06-03 18:10:16,SCL,BKK,2026-12-18,2027-01-17,Qatar,$2.238,2238,9h 55m / 7h 55m / 43h 35m / 4h 5m / 2h 50m / 35h 55m,Kayak
2026-06-03 18:10:16,SCL,BKK,2026-12-18,2027-01-17,Qatar,$2.241,2241,9h 55m / 7h 55m / 43h 35m / 3h 40m / 3h 4m / 35h 5m,Kayak
2026-06-03 18:10:16,SCL,BKK,2026-12-18,2027-01-17,Iberia,$2.241,2241,2h 40m / 3h 0m / 31h 25m / 2h 50m / 3h 4m / 34h 15m,Kayak
2026-06-03 18:10:16,SCL,BKK,2026-12-18,2027-01-17,Qatar,$2.251,2251,10h 30m / 7h 10m / 43h 35m / 4h 5m / 2h 50m / 35h 55m,Kayak
2026-06-03 18:10:16,SCL,BKK,2026-12-18,2027-01-17,Qatar,$2.251,2251,2h 40m / 9h 0m / 37h 25m / 4h 5m / 2h 50m / 35h 55m,Kayak
2026-06-03 18:10:16,SCL,BKK,2026-12-18,2027-01-17,Qatar,$2.251,2251,2h 40m / 9h 50m / 38h 15m / 4h 5m / 2h 50m / 35h 55m,Kayak
2026-06-03 18:10:16,SCL,BKK,2026-12-18,2027-01-17,Qatar,$2.253,2253,2h 40m / 15h 10m / 43h 35m / 4h 5m / 2h 50m / 35h 55m,Kayak
2026-06-03 18:10:16,SCL,BKK,2026-12-18,2027-01-17,Qatar,$2.253,2253,2h 40m / 16h 10m / 44h 35m / 4h 5m / 2h 50m / 35h 55m,Kayak
2026-06-03 18:10:16,SCL,BKK,2026-12-18,2027-01-17,Qatar,$2.253,2253,10h 30m / 7h 10m / 43h 35m / 3h 40m / 3h 4m / 35h 5m,Kayak
2026-06-03 18:10:16,SCL,BKK,2026-12-18,2027-01-17,Qatar,$2.254,2254,2h 40m / 9h 0m / 37h 25m / 3h 40m / 3h 4m / 35h 5m,Kayak
2026-06-03 18:10:16,SCL,BKK,2026-12-18,2027-01-17,Qatar,$2.254,2254,2h 40m / 9h 50m / 38h 15m / 3h 40m / 3h 4m / 35h 5m,Kayak
2026-06-03 18:10:16,SCL,BKK,2026-12-18,2027-01-17,Qatar,$2.255,2255,2h 40m / 15h 10m / 43h 35m / 3h 40m / 3h 4m / 35h 5m,Kayak
2026-06-03 18:10:16,SCL,BKK,2026-12-18,2027-01-17,Qatar,$2.255,2255,2h 40m / 16h 10m / 44h 35m / 3h 40m / 3h 4m / 35h 5m,Kayak
2026-06-03 18:10:16,SCL,BKK,2026-12-18,2027-01-17,LATAM,$2.257,2257,3h 55m / 4h 10m / 33h 5m / 2h 50m / 3h 4m / 34h 15m,Kayak
2026-06-03 18:10:16,SCL,BKK,2026-12-18,2027-01-17,LATAM,$2.259,2259,7h 15m / 4h 10m / 36h 25m / 2h 50m / 3h 4m / 34h 15m,Kayak
2026-06-03 18:10:16,SCL,BKK,2026-12-18,2027-01-17,LATAM,$2.259,2259,8h 10m / 4h 10m / 37h 20m / 2h 50m / 3h 4m / 34h 15m,Kayak
2026-06-03 18:10:16,SCL,BKK,2026-12-18,2027-01-17,LATAM,$2.259,2259,10h 15m / 4h 10m / 39h 40m / 2h 50m / 3h 4m / 34h 15m,Kayak
2026-06-03 18:10:16,SCL,BKK,2026-12-18,2027-01-17,Qatar,$2.260,2260,17h 0m / 0h 50m / 43h 35m / 4h 5m / 2h 50m / 35h 55m,Kayak
2026-06-06 03:56:53,SCL,BKK,2026-11-06,2026-11-21,Turkish Airlines,"1,204",1204,30h 45m,Google Flights
2026-06-06 03:56:53,SCL,BKK,2026-11-06,2026-11-21,LATAM,"1,128",1128,31h 25m,Google Flights
2026-06-06 03:56:53,SCL,BKK,2026-11-06,2026-11-21,Air France,"1,232",1232,34h 25m / 8h 25m,Google Flights
2026-06-06 03:56:53,SCL,BKK,2026-11-06,2026-11-21,LATAM,"1,450",1450,44h 20m,Google Flights
2026-06-06 03:56:53,SCL,BKK,2026-11-06,2026-11-21,LATAM,"1,231",1231,31h 35m,Google Flights
2026-06-06 03:56:53,SCL,BKK,2026-11-06,2026-11-21,LATAM,"1,469",1469,32h 5m,Google Flights
2026-06-06 03:56:53,SCL,BKK,2026-11-06,2026-11-21,LATAM,"1,260",1260,31h 10m,Google Flights
2026-06-06 03:56:53,SCL,BKK,2026-11-06,2026-11-21,LATAM,"1,193",1193,41h 10m,Google Flights
2026-06-06 03:56:53,SCL,BKK,2026-11-06,2026-11-21,LATAM,"1,113",1113,32h 30m,Google Flights
2026-06-06 03:56:53,SCL,BKK,2026-11-06,2026-11-21,LATAM,"1,162",1162,29h 5m / 3h 0m,Google Flights
2026-06-06 03:56:53,SCL,BKK,2026-11-06,2026-11-21,KLM,"1,525",1525,35h 55m,Google Flights
2026-06-06 03:56:53,SCL,BKK,2026-11-06,2026-11-21,Turkish Airlines,"1,204",1204,30h 45m / 30h 45m,Google Flights
2026-06-06 03:56:53,SCL,BKK,2026-11-06,2026-11-21,LATAM,"1,128",1128,31h 25m / 31h 25m,Google Flights
2026-06-06 03:56:53,SCL,BKK,2026-11-06,2026-11-21,Air France,"1,232",1232,34h 25m / 8h 25m / 34h 25m,Google Flights
2026-06-06 03:56:53,SCL,BKK,2026-11-06,2026-11-21,LATAM,"1,450",1450,44h 20m / 44h 20m,Google Flights
2026-06-06 03:56:53,SCL,BKK,2026-11-06,2026-11-21,LATAM,"1,231",1231,31h 35m / 31h 35m,Google Flights
2026-06-06 03:56:53,SCL,BKK,2026-11-06,2026-11-21,LATAM,"1,469",1469,32h 5m / 5h 15m / 32h 5m,Google Flights
2026-06-06 03:56:53,SCL,BKK,2026-11-06,2026-11-21,LATAM,"1,260",1260,31h 10m / 31h 10m,Google Flights
2026-06-06 03:56:53,SCL,BKK,2026-11-06,2026-11-21,LATAM,"1,193",1193,41h 10m / 11h 55m / 41h 10m,Google Flights
2026-06-06 03:56:53,SCL,BKK,2026-11-06,2026-11-21,LATAM,"1,113",1113,32h 30m / 32h 30m,Google Flights
2026-06-06 03:56:53,SCL,BKK,2026-11-06,2026-11-21,LATAM,"1,162",1162,29h 5m / 3h 0m / 29h 5m,Google Flights
2026-06-06 03:56:53,SCL,BKK,2026-11-06,2026-11-21,KLM,"1,525",1525,35h 55m / 35h 55m,Google Flights
2026-06-06 03:56:53,SCL,BKK,2026-11-06,2026-11-21,Turkish Airlines,$1.725,1725,4h 5m / 1h 10m / 30h 45m / 14h 40m / 1h 35m / 44h 50m,Kayak
2026-06-06 03:56:53,SCL,BKK,2026-11-06,2026-11-21,Qantas,$1.755,1755,16h 40m / 41h 0m / 4h 45m / 26h 45m,Kayak
2026-06-06 03:56:53,SCL,BKK,2026-11-06,2026-11-21,Turkish Airlines,$1.859,1859,4h 5m / 1h 10m / 30h 45m / 3h 50m / 1h 35m / 33h 40m,Kayak
2026-06-06 03:56:53,SCL,BKK,2026-11-06,2026-11-21,Turkish Airlines,$1.859,1859,4h 5m / 1h 10m / 30h 45m / 7h 45m / 1h 35m / 37h 50m,Kayak
2026-06-06 03:56:53,SCL,BKK,2026-11-06,2026-11-21,Qatar,$1.956,1956,4h 55m / 0h 50m / 31h 35m / 3h 50m / 1h 35m / 33h 40m,Kayak
2026-06-06 03:56:53,SCL,BKK,2026-11-06,2026-11-21,Qatar,$1.956,1956,2h 40m / 3h 25m / 31h 50m / 3h 50m / 1h 35m / 33h 40m,Kayak
2026-06-06 03:56:53,SCL,BKK,2026-11-06,2026-11-21,Qatar,$1.956,1956,4h 55m / 0h 50m / 31h 35m / 14h 40m / 1h 35m / 44h 50m,Kayak
2026-06-06 03:56:53,SCL,BKK,2026-11-06,2026-11-21,Qatar,$1.956,1956,2h 40m / 3h 25m / 31h 50m / 14h 40m / 1h 35m / 44h 50m,Kayak
2026-06-06 03:56:53,SCL,BKK,2026-11-06,2026-11-21,LATAM,$1.976,1976,1h 25m / 5h 0m / 31h 25m / 1h 35m / 1h 25m / 28h 55m,Kayak
2026-06-06 03:56:53,SCL,BKK,2026-11-06,2026-11-21,Turkish Airlines,$1.978,1978,1h 35m / 3h 30m / 30h 45m / 3h 50m / 1h 35m / 33h 40m,Kayak
2026-06-06 03:56:53,SCL,BKK,2026-11-06,2026-11-21,Turkish Airlines,$1.978,1978,1h 35m / 8h 10m / 35h 5m / 3h 50m / 1h 35m / 33h 40m,Kayak
2026-06-06 03:56:53,SCL,BKK,2026-11-06,2026-11-21,Air France,$2.017,2017,10h 10m / 36h 10m / 4h 45m / 31h 10m,Kayak
2026-06-06 03:56:53,SCL,BKK,2026-11-06,2026-11-21,Air France,$2.037,2037,8h 25m / 34h 25m / 4h 45m / 31h 10m,Kayak
2026-06-06 03:56:53,SCL,BKK,2026-11-06,2026-11-21,LATAM,$2.100,2100,1h 25m / 5h 50m / 32h 15m / 1h 35m / 1h 25m / 28h 55m,Kayak
2026-06-06 03:56:53,SCL,BKK,2026-11-06,2026-11-21,Qatar,$2.122,2122,2h 40m / 3h 0m / 31h 25m / 4h 0m / 12h 10m / 44h 50m,Kayak
2026-06-06 03:56:53,SCL,BKK,2026-11-06,2026-11-21,Qatar,$2.122,2122,4h 55m / 0h 50m / 31h 35m / 4h 0m / 12h 10m / 44h 50m,Kayak
2026-06-06 03:56:53,SCL,BKK,2026-11-06,2026-11-21,Qatar,$2.122,2122,2h 40m / 3h 0m / 31h 25m / 3h 50m / 1h 35m / 33h 40m,Kayak
2026-06-06 03:56:53,SCL,BKK,2026-11-06,2026-11-21,Qatar,$2.122,2122,2h 40m / 3h 0m / 31h 25m / 7h 45m / 1h 35m / 37h 50m,Kayak
2026-06-06 03:56:53,SCL,BKK,2026-11-06,2026-11-21,Qatar,$2.122,2122,4h 55m / 0h 50m / 31h 35m / 7h 45m / 1h 35m / 37h 50m,Kayak
2026-06-06 03:56:53,SCL,BKK,2026-11-06,2026-11-21,Air France,$2.129,2129,3h 10m / 6h 25m / 37h 0m / 4h 45m / 31h 10m,Kayak
2026-06-06 03:56:53,SCL,BKK,2026-11-06,2026-11-21,Air France,$2.129,2129,3h 10m / 6h 25m / 37h 0m / 4h 45m / 31h 10m,Kayak
2026-06-06 03:56:53,SCL,BKK,2026-11-06,2026-11-21,Turkish Airlines,$2.131,2131,1h 35m / 3h 30m / 30h 45m / 14h 40m / 1h 35m / 44h 50m,Kayak
2026-06-06 03:56:53,SCL,BKK,2026-11-06,2026-11-21,Air France,$2.158,2158,3h 45m / 5h 50m / 37h 0m / 4h 45m / 31h 10m,Kayak
2026-06-06 03:56:53,SCL,BKK,2026-11-06,2026-11-21,Air France,$2.158,2158,4h 25m / 5h 15m / 37h 0m / 4h 45m / 31h 10m,Kayak
2026-06-06 03:56:53,SCL,BKK,2026-11-06,2026-11-21,Air France,$2.167,2167,2h 15m / 7h 20m / 37h 0m / 4h 45m / 31h 10m,Kayak
2026-06-06 03:56:53,SCL,BKK,2026-11-06,2026-11-21,Air France,$2.175,2175,5h 35m / 3h 55m / 37h 0m / 4h 45m / 31h 10m,Kayak
2026-06-06 03:56:53,SCL,BKK,2026-11-06,2026-11-21,Air France,$2.182,2182,10h 10m / 36h 10m / 2h 0m / 1h 25m / 30h 40m,Kayak
2026-06-06 03:56:53,SCL,BKK,2026-11-06,2026-11-21,Air France,$2.182,2182,10h 10m / 36h 10m / 2h 0m / 1h 25m / 30h 40m,Kayak
2026-06-06 03:56:53,SCL,BKK,2026-11-06,2026-11-21,Air France,$2.202,2202,8h 25m / 34h 25m / 2h 0m / 1h 25m / 30h 40m,Kayak
2026-06-06 03:56:53,SCL,BKK,2026-11-06,2026-11-21,Air France,$2.202,2202,8h 25m / 34h 25m / 2h 0m / 1h 25m / 30h 40m,Kayak
2026-06-06 03:56:53,SCL,BKK,2026-11-06,2026-11-21,Turkish Airlines,$2.221,2221,1h 35m / 3h 30m / 30h 45m / 7h 45m / 1h 35m / 37h 50m,Kayak
2026-06-06 03:56:53,SCL,BKK,2026-11-06,2026-11-21,Qatar,$2.260,2260,4h 5m / 1h 10m / 30h 45m / 2h 40m / 6h 25m / 37h 25m,Kayak
2026-06-06 03:56:53,SCL,BKK,2026-11-06,2026-11-21,Qatar,$2.260,2260,4h 5m / 1h 10m / 30h 45m / 1h 50m / 10h 9m / 40h 20m,Kayak
2026-06-06 03:56:53,SCL,BKK,2026-11-06,2026-11-21,Qatar,$2.266,2266,4h 5m / 1h 10m / 30h 45m / 2h 50m / 3h 4m / 34h 15m,Kayak
2026-06-06 03:56:53,SCL,BKK,2026-11-06,2026-11-21,Otras,$2.274,2274,4h 45m / 4h 25m / 34h 35m / 3h 50m / 1h 35m / 33h 40m,Kayak
2026-06-06 03:56:53,SCL,BKK,2026-11-06,2026-11-21,Otras,$2.274,2274,4h 45m / 4h 25m / 34h 35m / 14h 40m / 1h 35m / 44h 50m,Kayak
2026-06-06 03:56:53,SCL,BKK,2026-11-06,2026-11-21,Otras,$2.278,2278,1h 25m / 5h 0m / 31h 25m / 3h 50m / 1h 35m / 33h 40m,Kayak
2026-06-06 03:56:53,SCL,BKK,2026-11-06,2026-11-21,Otras,$2.278,2278,1h 25m / 5h 0m / 31h 25m / 7h 45m / 1h 35m / 37h 50m,Kayak
2026-06-06 03:56:53,SCL,BKK,2026-11-06,2026-11-21,Otras,$2.278,2278,1h 25m / 5h 0m / 31h 25m / 4h 0m / 12h 10m / 44h 50m,Kayak
2026-06-06 03:56:53,SCL,BKK,2026-11-06,2026-11-21,Qatar,$2.287,2287,2h 40m / 3h 0m / 31h 25m / 2h 50m / 3h 4m / 34h 15m,Kayak
2026-06-06 03:56:53,SCL,BKK,2026-11-06,2026-11-21,Qatar,$2.287,2287,4h 55m / 0h 50m / 31h 35m / 2h 50m / 3h 4m / 34h 15m,Kayak
2026-06-06 03:56:53,SCL,BKK,2026-11-06,2026-11-21,Qatar,$2.287,2287,2h 40m / 3h 25m / 31h 50m / 2h 50m / 3h 4m / 34h 15m,Kayak
2026-06-06 03:56:53,SCL,BKK,2026-11-06,2026-11-21,Qatar,$2.287,2287,2h 40m / 3h 0m / 31h 25m / 3h 40m / 3h 4m / 35h 5m,Kayak
2026-06-06 03:56:53,SCL,BKK,2026-11-06,2026-11-21,Qatar,$2.287,2287,4h 55m / 0h 50m / 31h 35m / 3h 40m / 3h 4m / 35h 5m,Kayak
2026-06-06 03:56:53,SCL,BKK,2026-11-06,2026-11-21,Qatar,$2.287,2287,2h 40m / 3h 25m / 31h 50m / 3h 40m / 3h 4m / 35h 5m,Kayak
2026-06-06 03:56:53,SCL,BKK,2026-11-06,2026-11-21,Qatar,$2.287,2287,2h 40m / 3h 0m / 31h 25m / 2h 40m / 6h 25m / 37h 25m,Kayak
2026-06-06 03:56:53,SCL,BKK,2026-11-06,2026-11-21,Qatar,$2.287,2287,4h 55m / 0h 50m / 31h 35m / 1h 50m / 10h 9m / 40h 20m,Kayak
2026-06-06 03:56:53,SCL,BKK,2026-11-06,2026-11-21,Qatar,$2.287,2287,2h 40m / 3h 0m / 31h 25m / 8h 55m / 3h 4m / 40h 20m,Kayak
2026-06-06 03:56:53,SCL,BKK,2026-11-06,2026-11-21,Qatar,$2.287,2287,4h 55m / 0h 50m / 31h 35m / 8h 55m / 3h 4m / 40h 20m,Kayak
2026-06-06 03:56:53,SCL,BKK,2026-11-06,2026-11-21,Qatar,$2.322,2322,4h 5m / 1h 10m / 30h 45m / 1h 5m / 6h 25m / 35h 50m,Kayak
2026-06-06 03:56:53,SCL,BKK,2026-11-20,2026-12-20,LATAM,"1,363",1363,31h 25m,Google Flights
2026-06-06 03:56:53,SCL,BKK,2026-11-20,2026-12-20,LATAM,"1,260",1260,31h 10m,Google Flights
2026-06-06 03:56:53,SCL,BKK,2026-11-20,2026-12-20,LATAM,"1,162",1162,29h 5m / 3h 0m,Google Flights
2026-06-06 03:56:53,SCL,BKK,2026-11-20,2026-12-20,LATAM,"1,128",1128,31h 25m,Google Flights
2026-06-06 03:56:53,SCL,BKK,2026-11-20,2026-12-20,Air France,"1,232",1232,34h 25m / 8h 25m,Google Flights
2026-06-06 03:56:53,SCL,BKK,2026-11-20,2026-12-20,LATAM,"1,260",1260,32h 40m,Google Flights
2026-06-06 03:56:53,SCL,BKK,2026-11-20,2026-12-20,LATAM,"1,113",1113,30h 50m,Google Flights
2026-06-06 03:56:53,SCL,BKK,2026-11-20,2026-12-20,LATAM,"1,121",1121,35h 15m,Google Flights
2026-06-06 03:56:53,SCL,BKK,2026-11-20,2026-12-20,LATAM,"1,281",1281,31h 5m,Google Flights
2026-06-06 03:56:53,SCL,BKK,2026-11-20,2026-12-20,LATAM,"1,234",1234,41h 10m,Google Flights
2026-06-06 03:56:53,SCL,BKK,2026-11-20,2026-12-20,Turkish Airlines,"1,218",1218,30h 45m,Google Flights
2026-06-06 03:56:53,SCL,BKK,2026-11-20,2026-12-20,Qatar,"1,640",1640,31h 10m,Google Flights
2026-06-06 03:56:53,SCL,BKK,2026-11-20,2026-12-20,Qatar,"1,711",1711,31h 10m,Google Flights
2026-06-06 03:56:53,SCL,BKK,2026-11-20,2026-12-20,LATAM,"1,363",1363,31h 25m / 31h 25m,Google Flights
2026-06-06 03:56:53,SCL,BKK,2026-11-20,2026-12-20,LATAM,"1,260",1260,31h 10m / 31h 10m,Google Flights
2026-06-06 03:56:53,SCL,BKK,2026-11-20,2026-12-20,LATAM,"1,162",1162,29h 5m / 3h 0m / 29h 5m,Google Flights
2026-06-06 03:56:53,SCL,BKK,2026-11-20,2026-12-20,LATAM,"1,128",1128,31h 25m / 31h 25m,Google Flights
2026-06-06 03:56:53,SCL,BKK,2026-11-20,2026-12-20,Air France,"1,232",1232,34h 25m / 8h 25m / 34h 25m,Google Flights
2026-06-06 03:56:53,SCL,BKK,2026-11-20,2026-12-20,LATAM,"1,260",1260,32h 40m / 32h 40m,Google Flights
2026-06-06 03:56:53,SCL,BKK,2026-11-20,2026-12-20,LATAM,"1,113",1113,30h 50m / 30h 50m,Google Flights
2026-06-06 03:56:53,SCL,BKK,2026-11-20,2026-12-20,LATAM,"1,121",1121,35h 15m / 35h 15m,Google Flights
2026-06-06 03:56:53,SCL,BKK,2026-11-20,2026-12-20,LATAM,"1,281",1281,31h 5m / 31h 5m,Google Flights
2026-06-06 03:56:53,SCL,BKK,2026-11-20,2026-12-20,LATAM,"1,234",1234,41h 10m / 11h 20m / 41h 10m,Google Flights
2026-06-06 03:56:53,SCL,BKK,2026-11-20,2026-12-20,Turkish Airlines,"1,218",1218,30h 45m / 30h 45m,Google Flights
2026-06-06 03:56:53,SCL,BKK,2026-11-20,2026-12-20,Qatar,"1,640",1640,31h 10m / 31h 10m,Google Flights
2026-06-06 03:56:53,SCL,BKK,2026-11-20,2026-12-20,Qatar,"1,711",1711,31h 10m / 31h 10m,Google Flights
2026-06-06 03:56:53,SCL,BKK,2026-11-20,2026-12-20,LATAM,$2.082,2082,8h 10m / 32h 55m / 1h 40m / 22h 25m,Kayak
2026-06-06 03:56:53,SCL,BKK,2026-11-20,2026-12-20,Otras,$2.093,2093,3h 0m / 29h 5m / 1h 40m / 22h 25m,Kayak
2026-06-06 03:56:53,SCL,BKK,2026-11-20,2026-12-20,Otras,$2.108,2108,2h 30m / 7h 15m / 37h 40m / 1h 40m / 22h 25m,Kayak
2026-06-06 03:56:53,SCL,BKK,2026-11-20,2026-12-20,Air France,$2.162,2162,4h 25m / 5h 15m / 37h 0m / 4h 45m / 31h 10m,Kayak
2026-06-06 03:56:53,SCL,BKK,2026-11-20,2026-12-20,Air France,$2.162,2162,3h 45m / 5h 50m / 37h 0m / 4h 45m / 31h 10m,Kayak
2026-06-06 03:56:53,SCL,BKK,2026-11-20,2026-12-20,Air France,$2.162,2162,8h 35m / 1h 5m / 37h 0m / 4h 45m / 31h 10m,Kayak
2026-06-06 03:56:53,SCL,BKK,2026-11-20,2026-12-20,Air France,$2.162,2162,3h 10m / 6h 25m / 37h 0m / 4h 45m / 31h 10m,Kayak
2026-06-06 03:56:53,SCL,BKK,2026-11-20,2026-12-20,Air France,$2.162,2162,3h 10m / 6h 25m / 37h 0m / 4h 45m / 31h 10m,Kayak
2026-06-06 03:56:53,SCL,BKK,2026-11-20,2026-12-20,Air France,$2.162,2162,3h 10m / 6h 25m / 37h 0m / 6h 45m / 33h 15m,Kayak
2026-06-06 03:56:53,SCL,BKK,2026-11-20,2026-12-20,Air France,$2.168,2168,2h 15m / 7h 20m / 37h 0m / 4h 45m / 31h 10m,Kayak
2026-06-06 03:56:53,SCL,BKK,2026-11-20,2026-12-20,Air France,$2.176,2176,5h 35m / 3h 55m / 37h 0m / 4h 45m / 31h 10m,Kayak
2026-06-06 03:56:53,SCL,BKK,2026-11-20,2026-12-20,Air France,$2.179,2179,8h 25m / 34h 25m / 4h 45m / 31h 10m,Kayak
2026-06-06 03:56:53,SCL,BKK,2026-11-20,2026-12-20,Air France,$2.179,2179,8h 25m / 34h 25m / 6h 45m / 33h 15m,Kayak
2026-06-06 03:56:53,SCL,BKK,2026-11-20,2026-12-20,Air France,$2.186,2186,10h 10m / 36h 10m / 4h 45m / 31h 10m,Kayak
2026-06-06 03:56:53,SCL,BKK,2026-11-20,2026-12-20,Air France,$2.186,2186,10h 10m / 36h 10m / 6h 45m / 33h 15m,Kayak
2026-06-06 03:56:53,SCL,BKK,2026-11-20,2026-12-20,Air France,$2.190,2190,6h 40m / 3h 0m / 37h 0m / 4h 45m / 31h 10m,Kayak
2026-06-06 03:56:53,SCL,BKK,2026-11-20,2026-12-20,Air France,$2.237,2237,1h 50m / 6h 35m / 35h 55m / 4h 45m / 31h 10m,Kayak
2026-06-06 03:56:53,SCL,BKK,2026-11-20,2026-12-20,Air France,$2.237,2237,1h 50m / 6h 35m / 35h 55m / 6h 45m / 33h 15m,Kayak
2026-06-06 03:56:53,SCL,BKK,2026-11-20,2026-12-20,Air France,$2.247,2247,1h 15m / 8h 20m / 37h 0m / 4h 45m / 31h 10m,Kayak
2026-06-06 03:56:53,SCL,BKK,2026-11-20,2026-12-20,Qatar,$2.261,2261,4h 55m / 0h 50m / 31h 35m / 7h 45m / 1h 35m / 37h 50m,Kayak
2026-06-06 03:56:53,SCL,BKK,2026-11-20,2026-12-20,Otras,$2.276,2276,8h 10m / 32h 55m / 1h 35m / 3h 30m / 31h 0m,Kayak
2026-06-06 03:56:53,SCL,BKK,2026-11-20,2026-12-20,Otras,$2.288,2288,3h 0m / 29h 5m / 1h 35m / 3h 30m / 31h 0m,Kayak
2026-06-06 03:56:53,SCL,BKK,2026-11-20,2026-12-20,Air France,$2.293,2293,8h 25m / 34h 25m / 2h 0m / 1h 25m / 30h 40m,Kayak
2026-06-06 03:56:53,SCL,BKK,2026-11-20,2026-12-20,Air France,$2.293,2293,8h 25m / 34h 25m / 2h 0m / 1h 25m / 30h 40m,Kayak
2026-06-06 03:56:53,SCL,BKK,2026-11-20,2026-12-20,Air France,$2.300,2300,10h 10m / 36h 10m / 2h 0m / 1h 25m / 30h 40m,Kayak
2026-06-06 03:56:53,SCL,BKK,2026-11-20,2026-12-20,Otras,$2.308,2308,2h 30m / 7h 15m / 37h 40m / 1h 35m / 3h 30m / 31h 0m,Kayak
2026-06-06 03:56:53,SCL,BKK,2026-11-20,2026-12-20,Qatar,$2.342,2342,2h 40m / 3h 25m / 31h 50m / 7h 45m / 1h 35m / 37h 50m,Kayak
2026-06-06 03:56:53,SCL,BKK,2026-11-20,2026-12-20,KLM,$2.351,2351,1h 50m / 6h 35m / 35h 55m / 2h 0m / 1h 25m / 30h 40m,Kayak
2026-06-06 03:56:53,SCL,BKK,2026-11-20,2026-12-20,Qatar,$2.355,2355,2h 40m / 3h 0m / 31h 25m / 2h 50m / 3h 4m / 34h 15m,Kayak
2026-06-06 03:56:53,SCL,BKK,2026-11-20,2026-12-20,Qatar,$2.355,2355,2h 40m / 3h 25m / 31h 50m / 2h 50m / 3h 4m / 34h 15m,Kayak
2026-06-06 03:56:53,SCL,BKK,2026-11-20,2026-12-20,Qatar,$2.355,2355,2h 40m / 3h 0m / 31h 25m / 3h 40m / 3h 4m / 35h 5m,Kayak
2026-06-06 03:56:53,SCL,BKK,2026-11-20,2026-12-20,Qatar,$2.355,2355,2h 40m / 3h 25m / 31h 50m / 3h 40m / 3h 4m / 35h 5m,Kayak
2026-06-06 03:56:53,SCL,BKK,2026-11-20,2026-12-20,Qatar,$2.355,2355,2h 40m / 3h 0m / 31h 25m / 8h 55m / 3h 4m / 40h 20m,Kayak
2026-06-06 03:56:53,SCL,BKK,2026-11-20,2026-12-20,Qantas,$2.413,2413,16h 40m / 41h 0m / 4h 45m / 26h 45m,Kayak
2026-06-06 03:56:53,SCL,BKK,2026-11-20,2026-12-20,Qatar,$2.424,2424,4h 55m / 0h 50m / 31h 35m / 2h 50m / 3h 4m / 34h 15m,Kayak
2026-06-06 03:56:53,SCL,BKK,2026-11-20,2026-12-20,Qatar,$2.424,2424,4h 55m / 0h 50m / 31h 35m / 3h 40m / 3h 4m / 35h 5m,Kayak
2026-06-06 03:56:53,SCL,BKK,2026-11-20,2026-12-20,Qatar,$2.424,2424,4h 55m / 1h 50m / 32h 35m / 2h 50m / 3h 4m / 34h 15m,Kayak
2026-06-06 03:56:53,SCL,BKK,2026-11-20,2026-12-20,Qatar,$2.424,2424,4h 55m / 1h 50m / 32h 35m / 3h 40m / 3h 4m / 35h 5m,Kayak
2026-06-06 03:56:53,SCL,BKK,2026-11-20,2026-12-20,Qatar,$2.424,2424,4h 55m / 0h 50m / 31h 35m / 8h 55m / 3h 4m / 40h 20m,Kayak
2026-06-06 03:56:53,SCL,BKK,2026-11-20,2026-12-20,Qatar,$2.434,2434,4h 55m / 0h 50m / 31h 35m / 3h 50m / 1h 35m / 33h 40m,Kayak
2026-06-06 03:56:53,SCL,BKK,2026-11-20,2026-12-20,Qatar,$2.434,2434,4h 55m / 0h 50m / 31h 35m / 14h 40m / 1h 35m / 44h 50m,Kayak
2026-06-06 03:56:53,SCL,BKK,2026-11-20,2026-12-20,Otras,$2.451,2451,8h 10m / 32h 55m / 3h 35m / 24h 55m,Kayak
2026-06-06 03:56:53,SCL,BKK,2026-11-20,2026-12-20,LATAM,$2.462,2462,3h 0m / 29h 5m / 3h 35m / 24h 55m,Kayak
2026-06-06 03:56:53,SCL,BKK,2026-11-20,2026-12-20,Otras,$2.477,2477,2h 30m / 7h 15m / 37h 40m / 3h 35m / 24h 55m,Kayak
2026-06-06 03:56:53,SCL,BKK,2026-11-20,2026-12-20,LATAM,$2.485,2485,4h 0m / 4h 45m / 35h 5m / 7h 45m / 1h 35m / 37h 50m,Kayak
2026-06-06 03:56:53,SCL,BKK,2026-11-20,2026-12-20,Otras,$2.510,2510,1h 35m / 3h 30m / 30h 45m / 2h 30m / 4h 20m / 32h 35m,Kayak
2026-06-06 03:56:53,SCL,BKK,2026-11-20,2026-12-20,Qatar,$2.512,2512,2h 40m / 3h 0m / 31h 25m / 7h 45m / 1h 35m / 37h 50m,Kayak
2026-06-06 03:56:53,SCL,BKK,2026-11-20,2026-12-20,Qatar,$2.515,2515,2h 40m / 3h 25m / 31h 50m / 14h 40m / 1h 35m / 44h 50m,Kayak
2026-06-06 03:56:53,SCL,BKK,2026-12-18,2027-01-02,LATAM,"1,133",1133,33h 55m / 9h 10m,Google Flights
2026-06-06 03:56:53,SCL,BKK,2026-12-18,2027-01-02,LATAM,"1,312",1312,33h 5m,Google Flights
2026-06-06 03:56:53,SCL,BKK,2026-12-18,2027-01-02,LATAM,"1,310",1310,31h 15m,Google Flights
2026-06-06 03:56:53,SCL,BKK,2026-12-18,2027-01-02,LATAM,"1,393",1393,33h 5m,Google Flights
2026-06-06 03:56:53,SCL,BKK,2026-12-18,2027-01-02,LATAM,"1,363",1363,31h 25m,Google Flights
2026-06-06 03:56:53,SCL,BKK,2026-12-18,2027-01-02,LATAM,"1,211",1211,31h 40m,Google Flights
2026-06-06 03:56:53,SCL,BKK,2026-12-18,2027-01-02,LATAM,"1,304",1304,35h 5m,Google Flights
2026-06-06 03:56:53,SCL,BKK,2026-12-18,2027-01-02,LATAM,"1,114",1114,30h 50m,Google Flights
2026-06-06 03:56:53,SCL,BKK,2026-12-18,2027-01-02,LATAM,"1,231",1231,31h 35m,Google Flights
2026-06-06 03:56:53,SCL,BKK,2026-12-18,2027-01-02,LATAM,"1,128",1128,31h 25m,Google Flights
2026-06-06 03:56:53,SCL,BKK,2026-12-18,2027-01-02,Air France,"1,232",1232,34h 25m / 8h 25m,Google Flights
2026-06-06 03:56:53,SCL,BKK,2026-12-18,2027-01-02,Turkish Airlines,"1,227",1227,30h 45m,Google Flights
2026-06-06 03:56:53,SCL,BKK,2026-12-18,2027-01-02,LATAM,"1,075",1075,32h 55m / 8h 10m,Google Flights
2026-06-06 03:56:53,SCL,BKK,2026-12-18,2027-01-02,LATAM,"1,393",1393,28h 25m,Google Flights
2026-06-06 03:56:53,SCL,BKK,2026-12-18,2027-01-02,LATAM,"1,133",1133,33h 55m / 9h 10m / 33h 55m,Google Flights
2026-06-06 03:56:53,SCL,BKK,2026-12-18,2027-01-02,LATAM,"1,312",1312,33h 5m / 33h 5m,Google Flights
2026-06-06 03:56:53,SCL,BKK,2026-12-18,2027-01-02,LATAM,"1,310",1310,31h 15m / 31h 15m,Google Flights
2026-06-06 03:56:53,SCL,BKK,2026-12-18,2027-01-02,LATAM,"1,393",1393,33h 5m / 33h 5m,Google Flights
2026-06-06 03:56:53,SCL,BKK,2026-12-18,2027-01-02,LATAM,"1,363",1363,31h 25m / 31h 25m,Google Flights
2026-06-06 03:56:53,SCL,BKK,2026-12-18,2027-01-02,LATAM,"1,211",1211,31h 40m / 31h 40m,Google Flights
2026-06-06 03:56:53,SCL,BKK,2026-12-18,2027-01-02,LATAM,"1,304",1304,35h 5m / 35h 5m,Google Flights
2026-06-06 03:56:53,SCL,BKK,2026-12-18,2027-01-02,LATAM,"1,114",1114,30h 50m / 30h 50m,Google Flights
2026-06-06 03:56:53,SCL,BKK,2026-12-18,2027-01-02,LATAM,"1,231",1231,31h 35m / 31h 35m,Google Flights
2026-06-06 03:56:53,SCL,BKK,2026-12-18,2027-01-02,LATAM,"1,128",1128,31h 25m / 31h 25m,Google Flights
2026-06-06 03:56:53,SCL,BKK,2026-12-18,2027-01-02,Air France,"1,232",1232,34h 25m / 8h 25m / 34h 25m,Google Flights
2026-06-06 03:56:53,SCL,BKK,2026-12-18,2027-01-02,Turkish Airlines,"1,227",1227,30h 45m / 30h 45m,Google Flights
2026-06-06 03:56:53,SCL,BKK,2026-12-18,2027-01-02,LATAM,"1,075",1075,32h 55m / 8h 10m / 32h 55m,Google Flights
2026-06-06 03:56:53,SCL,BKK,2026-12-18,2027-01-02,LATAM,"1,393",1393,28h 25m / 28h 25m,Google Flights
2026-06-06 03:56:53,SCL,BKK,2026-12-18,2027-01-02,Iberia,$2.335,2335,10h 30m / 1h 0m / 37h 25m / 2h 15m / 4h 35m / 35h 50m,Kayak
2026-06-06 03:56:53,SCL,BKK,2026-12-18,2027-01-02,Iberia,$2.396,2396,10h 30m / 1h 0m / 37h 25m / 2h 50m / 3h 4m / 34h 15m,Kayak
2026-06-06 03:56:53,SCL,BKK,2026-12-18,2027-01-02,Iberia,$2.516,2516,2h 40m / 3h 0m / 31h 25m / 2h 15m / 4h 35m / 35h 50m,Kayak
2026-06-06 03:56:53,SCL,BKK,2026-12-18,2027-01-02,Iberia,$2.551,2551,2h 40m / 3h 0m / 31h 25m / 2h 50m / 3h 4m / 34h 15m,Kayak
2026-06-06 03:56:53,SCL,BKK,2026-12-18,2027-01-02,Iberia,$2.551,2551,2h 40m / 3h 0m / 31h 25m / 1h 5m / 6h 25m / 35h 50m,Kayak
2026-06-06 03:56:53,SCL,BKK,2026-12-18,2027-01-02,Iberia,$2.646,2646,4h 55m / 0h 50m / 31h 35m / 2h 15m / 4h 35m / 35h 50m,Kayak
2026-06-06 03:56:53,SCL,BKK,2026-12-18,2027-01-02,Iberia,$2.694,2694,4h 55m / 0h 50m / 31h 35m / 2h 50m / 3h 4m / 34h 15m,Kayak
2026-06-06 03:56:53,SCL,BKK,2026-12-18,2027-01-02,LATAM,$2.710,2710,5h 45m / 3h 15m / 33h 55m / 3h 10m / 3h 55m / 32h 50m,Kayak
2026-06-06 03:56:53,SCL,BKK,2026-12-18,2027-01-02,Otras,$2.724,2724,2h 55m / 6h 45m / 37h 35m / 14h 40m / 1h 35m / 44h 50m,Kayak
2026-06-06 03:56:53,SCL,BKK,2026-12-18,2027-01-02,LATAM,$2.734,2734,1h 45m / 4h 25m / 31h 40m / 3h 15m / 4h 10m / 31h 35m,Kayak
2026-06-06 03:56:53,SCL,BKK,2026-12-18,2027-01-02,Iberia,$2.744,2744,2h 40m / 3h 25m / 31h 50m / 2h 50m / 3h 4m / 34h 15m,Kayak
2026-06-06 03:56:53,SCL,BKK,2026-12-18,2027-01-02,ANA,$2.749,2749,14h 0m / 12h 50m / 10h 40m / 22h 58m,Kayak
2026-06-06 03:56:53,SCL,BKK,2026-12-18,2027-01-02,ANA,$2.749,2749,14h 0m / 12h 50m / 9h 40m / 23h 58m,Kayak
2026-06-06 03:56:53,SCL,BKK,2026-12-18,2027-01-02,ANA,$2.749,2749,14h 0m / 12h 50m / 23h 25m / 10h 13m,Kayak
2026-06-06 03:56:53,SCL,BKK,2026-12-18,2027-01-02,Iberia,$2.813,2813,10h 30m / 1h 0m / 37h 25m / 14h 40m / 1h 35m / 44h 50m,Kayak
2026-06-06 03:56:53,SCL,BKK,2026-12-18,2027-01-02,Otras,$2.834,2834,2h 55m / 6h 45m / 37h 35m / 3h 50m / 4h 35m / 37h 25m,Kayak
2026-06-06 03:56:53,SCL,BKK,2026-12-18,2027-01-02,LATAM,$2.836,2836,5h 45m / 3h 15m / 33h 55m / 4h 10m / 3h 55m / 33h 45m,Kayak
2026-06-06 03:56:53,SCL,BKK,2026-12-18,2027-01-02,LATAM,$2.837,2837,9h 10m / 33h 55m / 4h 45m / 25h 35m,Kayak
2026-06-06 03:56:53,SCL,BKK,2026-12-18,2027-01-02,Otras,$2.838,2838,2h 55m / 6h 45m / 37h 35m / 1h 35m / 3h 30m / 31h 0m,Kayak
2026-06-06 03:56:53,SCL,BKK,2026-12-18,2027-01-02,LATAM,$2.854,2854,4h 55m / 0h 50m / 31h 35m / 1h 35m / 3h 30m / 31h 0m,Kayak
2026-06-06 03:56:53,SCL,BKK,2026-12-18,2027-01-02,LATAM,$2.854,2854,4h 55m / 0h 50m / 31h 35m / 2h 20m / 3h 15m / 31h 30m,Kayak
2026-06-06 03:56:53,SCL,BKK,2026-12-18,2027-01-02,Otras,$2.903,2903,4h 15m / 1h 15m / 31h 15m / 4h 45m / 25h 35m,Kayak
2026-06-06 03:56:53,SCL,BKK,2026-12-18,2027-01-02,Otras,$2.919,2919,2h 55m / 6h 45m / 37h 35m / 2h 50m / 3h 4m / 34h 15m,Kayak
2026-06-06 03:56:53,SCL,BKK,2026-12-18,2027-01-02,Otras,$2.926,2926,8h 10m / 32h 55m / 4h 45m / 25h 35m,Kayak
2026-06-06 03:56:53,SCL,BKK,2026-12-18,2027-01-02,LATAM,$2.944,2944,2h 40m / 3h 25m / 31h 50m / 1h 35m / 3h 30m / 31h 0m,Kayak
2026-06-06 03:56:53,SCL,BKK,2026-12-18,2027-01-02,LATAM,$2.944,2944,2h 40m / 3h 25m / 31h 50m / 2h 20m / 3h 15m / 31h 30m,Kayak
2026-06-06 03:56:53,SCL,BKK,2026-12-18,2027-01-02,Otras,$2.961,2961,2h 20m / 2h 5m / 30h 50m / 4h 45m / 25h 35m,Kayak
2026-06-06 03:56:53,SCL,BKK,2026-12-18,2027-01-02,Otras,$3.008,3008,2h 40m / 3h 0m / 31h 25m / 4h 45m / 25h 35m,Kayak
2026-06-06 03:56:53,SCL,BKK,2026-12-18,2027-01-02,Otras,$3.009,3009,7h 0m / 1h 10m / 35h 15m / 4h 45m / 25h 35m,Kayak
2026-06-06 03:56:53,SCL,BKK,2026-12-18,2027-01-02,Turkish Airlines,$3.029,3029,1h 35m / 3h 30m / 30h 45m / 13h 50m / 3h 25m / 1h 35m,Kayak
2026-06-06 03:56:53,SCL,BKK,2026-12-18,2027-01-02,Otras,$3.036,3036,1h 45m / 4h 25m / 31h 40m / 14h 40m / 1h 35m / 44h 50m,Kayak
2026-06-06 03:56:53,SCL,BKK,2026-12-18,2027-01-02,Iberia,$3.041,3041,2h 40m / 3h 0m / 31h 25m / 14h 40m / 1h 35m / 44h 50m,Kayak
2026-06-06 03:56:53,SCL,BKK,2026-12-18,2027-01-02,Iberia,$3.043,3043,4h 55m / 0h 50m / 31h 35m / 1h 5m / 6h 25m / 35h 50m,Kayak
2026-06-06 03:56:53,SCL,BKK,2026-12-18,2027-01-02,Iberia,$3.043,3043,4h 55m / 0h 50m / 31h 35m / 2h 40m / 6h 25m / 37h 25m,Kayak
2026-06-06 03:56:53,SCL,BKK,2026-12-18,2027-01-02,Otras,$3.072,3072,8h 10m / 31h 55m / 4h 45m / 25h 35m,Kayak
2026-06-06 03:56:53,SCL,BKK,2026-12-18,2027-01-02,Air France,$3.102,3102,8h 25m / 34h 25m / 6h 45m / 33h 15m,Kayak
2026-06-06 03:56:53,SCL,BKK,2026-12-18,2027-01-02,Air France,$3.102,3102,10h 10m / 36h 10m / 6h 45m / 33h 15m,Kayak
2026-06-06 03:56:53,SCL,BKK,2026-12-18,2027-01-02,Air France,$3.104,3104,8h 25m / 34h 25m / 16h 15m / 42h 35m,Kayak
2026-06-06 03:56:53,SCL,BKK,2026-12-18,2027-01-02,Air France,$3.104,3104,8h 25m / 34h 25m / 18h 15m / 44h 40m,Kayak
2026-06-06 03:56:53,SCL,BKK,2026-12-18,2027-01-02,Qatar,$3.105,3105,4h 55m / 0h 50m / 31h 35m / 14h 40m / 1h 35m / 44h 50m,Kayak
2026-06-06 03:56:53,SCL,BKK,2026-12-18,2027-01-02,LATAM,$3.113,3113,3h 55m / 4h 10m / 33h 5m / 1h 35m / 3h 30m / 31h 0m,Kayak
2026-06-06 03:56:53,SCL,BKK,2026-12-18,2027-01-02,LATAM,$3.113,3113,7h 15m / 4h 10m / 36h 25m / 1h 35m / 3h 30m / 31h 0m,Kayak
2026-06-06 03:56:53,SCL,BKK,2026-12-18,2027-01-02,Otras,$3.118,3118,1h 25m / 11h 10m / 37h 35m / 14h 40m / 1h 35m / 44h 50m,Kayak
2026-06-06 03:56:53,SCL,BKK,2026-12-18,2027-01-02,Air France,$3.123,3123,3h 10m / 6h 25m / 37h 0m / 6h 45m / 33h 15m,Kayak
2026-06-06 03:56:53,SCL,BKK,2026-12-18,2027-01-02,Air France,$3.123,3123,8h 25m / 34h 25m / 4h 45m / 31h 10m,Kayak
2026-06-06 03:56:53,SCL,BKK,2027-01-01,2027-01-31,LATAM,"1,231",1231,31h 35m,Google Flights
2026-06-06 03:56:53,SCL,BKK,2027-01-01,2027-01-31,LATAM,"1,130",1130,33h 55m / 9h 10m,Google Flights
2026-06-06 03:56:53,SCL,BKK,2027-01-01,2027-01-31,LATAM,"1,394",1394,28h 25m,Google Flights
2026-06-06 03:56:53,SCL,BKK,2027-01-01,2027-01-31,LATAM,"1,394",1394,33h 5m,Google Flights
2026-06-06 03:56:53,SCL,BKK,2027-01-01,2027-01-31,Iberia,"1,128",1128,31h 25m,Google Flights
2026-06-06 03:56:53,SCL,BKK,2027-01-01,2027-01-31,LATAM,"1,123",1123,32h 15m,Google Flights
2026-06-06 03:56:53,SCL,BKK,2027-01-01,2027-01-31,Turkish Airlines,"1,194",1194,35h 0m,Google Flights
2026-06-06 03:56:53,SCL,BKK,2027-01-01,2027-01-31,Air France,"1,215",1215,36h 10m / 10h 10m,Google Flights
2026-06-06 03:56:53,SCL,BKK,2027-01-01,2027-01-31,LATAM,"1,166",1166,29h 5m / 3h 0m,Google Flights
2026-06-06 03:56:53,SCL,BKK,2027-01-01,2027-01-31,Turkish Airlines,"1,232",1232,30h 50m,Google Flights
2026-06-06 03:56:53,SCL,BKK,2027-01-01,2027-01-31,Qatar,"1,331",1331,31h 10m,Google Flights
2026-06-06 03:56:53,SCL,BKK,2027-01-01,2027-01-31,Qatar,"1,402",1402,31h 10m,Google Flights
2026-06-06 03:56:53,SCL,BKK,2027-01-01,2027-01-31,LATAM,"1,231",1231,31h 35m / 31h 35m,Google Flights
2026-06-06 03:56:53,SCL,BKK,2027-01-01,2027-01-31,LATAM,"1,130",1130,33h 55m / 9h 10m / 33h 55m,Google Flights
2026-06-06 03:56:53,SCL,BKK,2027-01-01,2027-01-31,LATAM,"1,394",1394,28h 25m / 28h 25m,Google Flights
2026-06-06 03:56:53,SCL,BKK,2027-01-01,2027-01-31,LATAM,"1,394",1394,33h 5m / 33h 5m,Google Flights
2026-06-06 03:56:53,SCL,BKK,2027-01-01,2027-01-31,ANA,"1,415",1415,14h 0m,Google Flights
2026-06-06 03:56:53,SCL,BKK,2027-01-01,2027-01-31,Iberia,"1,128",1128,31h 25m / 31h 25m,Google Flights
2026-06-06 03:56:53,SCL,BKK,2027-01-01,2027-01-31,LATAM,"1,123",1123,32h 15m / 32h 15m,Google Flights
2026-06-06 03:56:53,SCL,BKK,2027-01-01,2027-01-31,Turkish Airlines,"1,194",1194,35h 0m / 35h 0m,Google Flights
2026-06-06 03:56:53,SCL,BKK,2027-01-01,2027-01-31,Air France,"1,215",1215,36h 10m / 10h 10m / 36h 10m,Google Flights
2026-06-06 03:56:53,SCL,BKK,2027-01-01,2027-01-31,LATAM,"1,166",1166,29h 5m / 3h 0m / 29h 5m,Google Flights
2026-06-06 03:56:53,SCL,BKK,2027-01-01,2027-01-31,Turkish Airlines,"1,232",1232,30h 50m / 30h 50m,Google Flights
2026-06-06 03:56:53,SCL,BKK,2027-01-01,2027-01-31,Qatar,"1,331",1331,31h 10m / 31h 10m,Google Flights
2026-06-06 03:56:53,SCL,BKK,2027-01-01,2027-01-31,Qatar,"1,402",1402,31h 10m / 31h 10m,Google Flights
2026-06-06 03:56:53,SCL,BKK,2027-01-01,2027-01-31,Otras,$1.710,1710,4h 5m / 2h 20m / 35h 25m / 3h 10m / 1h 25m / 30h 30m,Kayak
2026-06-06 03:56:53,SCL,BKK,2027-01-01,2027-01-31,Otras,$1.710,1710,4h 5m / 2h 20m / 35h 25m / 2h 30m / 2h 15m / 30h 30m,Kayak
2026-06-06 03:56:53,SCL,BKK,2027-01-01,2027-01-31,Otras,$1.828,1828,4h 5m / 2h 20m / 35h 25m / 2h 50m / 2h 40m / 32h 50m,Kayak
2026-06-06 03:56:53,SCL,BKK,2027-01-01,2027-01-31,LATAM,$1.929,1929,4h 5m / 2h 20m / 35h 25m / 1h 20m / 1h 45m / 27h 10m,Kayak
2026-06-06 03:56:53,SCL,BKK,2027-01-01,2027-01-31,Otras,$2.009,2009,8h 10m / 32h 55m / 3h 50m / 1h 35m / 33h 40m,Kayak
2026-06-06 03:56:53,SCL,BKK,2027-01-01,2027-01-31,Otras,$2.009,2009,8h 10m / 32h 55m / 7h 45m / 1h 35m / 37h 50m,Kayak
2026-06-06 03:56:53,SCL,BKK,2027-01-01,2027-01-31,Otras,$2.009,2009,8h 10m / 32h 55m / 14h 40m / 1h 35m / 44h 50m,Kayak
2026-06-06 03:56:53,SCL,BKK,2027-01-01,2027-01-31,LATAM,$2.080,2080,4h 55m / 0h 50m / 31h 35m / 1h 35m / 1h 25m / 28h 55m,Kayak
2026-06-06 03:56:53,SCL,BKK,2027-01-01,2027-01-31,LATAM,$2.082,2082,8h 10m / 32h 55m / 1h 40m / 22h 25m,Kayak
2026-06-06 03:56:53,SCL,BKK,2027-01-01,2027-01-31,Otras,$2.093,2093,8h 10m / 32h 55m / 3h 35m / 24h 55m,Kayak
2026-06-06 03:56:53,SCL,BKK,2027-01-01,2027-01-31,Otras,$2.098,2098,4h 5m / 2h 20m / 35h 25m / 2h 5m / 2h 35m / 26h 45m,Kayak
2026-06-06 03:56:53,SCL,BKK,2027-01-01,2027-01-31,LATAM,$2.102,2102,9h 10m / 33h 55m / 4h 45m / 25h 35m,Kayak
2026-06-06 03:56:53,SCL,BKK,2027-01-01,2027-01-31,Otras,$2.105,2105,8h 10m / 31h 55m / 1h 35m / 1h 25m / 29h 55m,Kayak
2026-06-06 03:56:53,SCL,BKK,2027-01-01,2027-01-31,Otras,$2.128,2128,9h 10m / 33h 55m / 3h 35m / 24h 55m,Kayak
2026-06-06 03:56:53,SCL,BKK,2027-01-01,2027-01-31,LATAM,$2.186,2186,8h 10m / 31h 55m / 1h 40m / 22h 25m,Kayak
2026-06-06 03:56:53,SCL,BKK,2027-01-01,2027-01-31,Otras,$2.198,2198,8h 10m / 31h 55m / 3h 35m / 24h 55m,Kayak
2026-06-06 03:56:53,SCL,BKK,2027-01-01,2027-01-31,Otras,$2.235,2235,8h 10m / 31h 55m / 1h 20m / 3h 15m / 31h 30m,Kayak
2026-06-06 03:56:53,SCL,BKK,2027-01-01,2027-01-31,LATAM,$2.245,2245,1h 40m / 1h 30m / 28h 25m / 3h 15m / 2h 50m / 35h 0m,Kayak
2026-06-06 03:56:53,SCL,BKK,2027-01-01,2027-01-31,LATAM,$2.254,2254,1h 40m / 1h 30m / 28h 25m / 1h 35m / 1h 25m / 28h 55m,Kayak
2026-06-06 03:56:53,SCL,BKK,2027-01-01,2027-01-31,LATAM,$2.257,2257,7h 15m / 3h 45m / 36h 0m / 3h 10m / 1h 25m / 30h 30m,Kayak
2026-06-06 03:56:53,SCL,BKK,2027-01-01,2027-01-31,LATAM,$2.284,2284,7h 15m / 4h 10m / 36h 25m / 3h 15m / 2h 50m / 35h 0m,Kayak
2026-06-06 03:56:53,SCL,BKK,2027-01-01,2027-01-31,Copa,$2.292,2292,4h 49m / 1h 10m / 34h 30m / 3h 50m / 1h 35m / 33h 40m,Kayak
2026-06-06 03:56:53,SCL,BKK,2027-01-01,2027-01-31,LATAM,$2.294,2294,7h 15m / 4h 10m / 36h 25m / 1h 35m / 1h 25m / 28h 55m,Kayak
2026-06-06 03:56:53,SCL,BKK,2027-01-01,2027-01-31,Otras,$2.351,2351,7h 15m / 4h 10m / 36h 25m / 3h 50m / 1h 35m / 33h 40m,Kayak
2026-06-06 03:56:53,SCL,BKK,2027-01-01,2027-01-31,LATAM,$2.383,2383,1h 40m / 1h 30m / 28h 25m / 2h 20m / 4h 35m / 32h 50m,Kayak
2026-06-06 03:56:53,SCL,BKK,2027-01-01,2027-01-31,LATAM,$2.383,2383,7h 15m / 3h 45m / 36h 0m / 2h 20m / 4h 35m / 32h 50m,Kayak
2026-06-06 03:56:53,SCL,BKK,2027-01-01,2027-01-31,LATAM,$2.411,2411,2h 40m / 3h 0m / 31h 25m / 2h 30m / 2h 15m / 30h 30m,Kayak
2026-06-06 03:56:53,SCL,BKK,2027-01-01,2027-01-31,Otras,$2.436,2436,1h 40m / 1h 30m / 28h 25m / 14h 40m / 1h 35m / 44h 50m,Kayak
2026-06-06 03:56:53,SCL,BKK,2027-01-01,2027-01-31,Otras,$2.436,2436,7h 15m / 4h 10m / 36h 25m / 14h 40m / 1h 35m / 44h 50m,Kayak
2026-06-06 03:56:53,SCL,BKK,2027-01-01,2027-01-31,Otras,$2.438,2438,1h 40m / 1h 30m / 28h 25m / 4h 45m / 25h 35m,Kayak
2026-06-06 03:56:53,SCL,BKK,2027-01-01,2027-01-31,LATAM,$2.449,2449,2h 40m / 3h 0m / 31h 25m / 1h 35m / 1h 25m / 28h 55m,Kayak
2026-06-06 03:56:53,SCL,BKK,2027-01-01,2027-01-31,Otras,$2.450,2450,1h 40m / 1h 30m / 28h 25m / 3h 35m / 24h 55m,Kayak
2026-06-06 03:56:53,SCL,BKK,2027-01-01,2027-01-31,Otras,$2.451,2451,3h 0m / 29h 5m / 1h 40m / 22h 25m,Kayak
2026-06-06 03:56:53,SCL,BKK,2027-01-01,2027-01-31,LATAM,$2.462,2462,3h 0m / 29h 5m / 3h 35m / 24h 55m,Kayak
2026-06-06 03:56:53,SCL,BKK,2027-01-01,2027-01-31,Otras,$2.468,2468,8h 10m / 4h 10m / 37h 20m / 3h 50m / 1h 35m / 33h 40m,Kayak
2026-06-06 03:56:53,SCL,BKK,2027-01-01,2027-01-31,Otras,$2.468,2468,7h 15m / 4h 10m / 36h 25m / 7h 45m / 1h 35m / 37h 50m,Kayak
2026-06-06 03:56:53,SCL,BKK,2027-01-01,2027-01-31,Otras,$2.468,2468,8h 10m / 4h 10m / 37h 20m / 7h 45m / 1h 35m / 37h 50m,Kayak
2026-06-06 03:56:53,SCL,BKK,2027-01-01,2027-01-31,Otras,$2.485,2485,3h 0m / 29h 5m / 4h 45m / 25h 35m,Kayak
2026-06-06 03:56:53,SCL,BKK,2027-01-01,2027-01-31,Otras,$2.492,2492,3h 0m / 28h 5m / 1h 35m / 1h 25m / 29h 55m,Kayak
2026-06-06 03:56:53,SCL,BKK,2027-01-01,2027-01-31,Copa,$2.495,2495,4h 49m / 1h 10m / 34h 30m / 14h 40m / 1h 35m / 44h 50m,Kayak
2026-06-06 03:56:53,SCL,BKK,2027-01-01,2027-01-31,Air France,$2.505,2505,8h 25m / 34h 25m / 6h 45m / 33h 15m,Kayak
2026-06-06 03:56:53,SCL,BKK,2027-01-01,2027-01-31,Air France,$2.533,2533,8h 25m / 34h 25m / 2h 20m / 4h 0m / 33h 30m,Kayak
2026-06-06 03:56:53,SCL,BKK,2027-01-01,2027-01-31,Air France,$2.533,2533,8h 25m / 34h 25m / 4h 50m / 1h 25m / 33h 30m,Kayak
2026-06-06 03:56:53,SCL,BKK,2027-01-01,2027-01-31,Air France,$2.533,2533,8h 25m / 34h 25m / 3h 35m / 2h 40m / 33h 30m,Kayak
2026-06-06 03:56:53,SCL,BKK,2027-01-01,2027-01-31,Air France,$2.534,2534,8h 25m / 34h 25m / 4h 45m / 31h 10m,Kayak
2026-06-06 03:56:53,SCL,BKK,2027-01-01,2027-01-31,Otras,$2.539,2539,1h 40m / 1h 30m / 28h 25m / 3h 50m / 33h 40m,Kayak
2026-06-06 03:56:53,SCL,BKK,2027-01-01,2027-01-31,Otras,$2.539,2539,1h 40m / 1h 30m / 28h 25m / 7h 45m / 37h 50m,Kayak
2026-06-06 03:56:53,SCL,BKK,2027-01-01,2027-01-31,Qatar,$2.568,2568,2h 40m / 3h 0m / 31h 25m / 7h 45m / 1h 35m / 37h 50m,Kayak
2026-06-06 03:56:53,SCL,BKK,2027-01-01,2027-01-31,Otras,$2.573,2573,3h 0m / 28h 5m / 1h 40m / 22h 25m,Kayak
